r,sigma_dipolo
1.973e-05,8.5832e-08
1.97755e-05,8.62353e-08
1.98211e-05,8.66406e-08
1.98668e-05,8.70477e-08
1.99126e-05,8.74568e-08
1.99585e-05,8.78677e-08
2.00045e-05,8.82806e-08
2.00507e-05,8.86955e-08
2.00969e-05,8.91123e-08
2.01432e-05,8.9531e-08
2.01897e-05,8.99517e-08
2.02362e-05,9.03744e-08
2.02829e-05,9.07991e-08
2.03296e-05,9.12258e-08
2.03765e-05,9.16544e-08
2.04235e-05,9.20851e-08
2.04706e-05,9.25178e-08
2.05178e-05,9.29526e-08
2.05651e-05,9.33894e-08
2.06125e-05,9.38282e-08
2.066e-05,9.42691e-08
2.07077e-05,9.47121e-08
2.07554e-05,9.51571e-08
2.08033e-05,9.56043e-08
2.08512e-05,9.60535e-08
2.08993e-05,9.65049e-08
2.09475e-05,9.69583e-08
2.09958e-05,9.74139e-08
2.10442e-05,9.78717e-08
2.10927e-05,9.83315e-08
2.11414e-05,9.87936e-08
2.11901e-05,9.92578e-08
2.1239e-05,9.97242e-08
2.12879e-05,1.00193e-07
2.1337e-05,1.00664e-07
2.13862e-05,1.01137e-07
2.14355e-05,1.01612e-07
2.1485e-05,1.02089e-07
2.15345e-05,1.02569e-07
2.15841e-05,1.03051e-07
2.16339e-05,1.03535e-07
2.16838e-05,1.04022e-07
2.17338e-05,1.0451e-07
2.17839e-05,1.05001e-07
2.18341e-05,1.05495e-07
2.18845e-05,1.05991e-07
2.19349e-05,1.06489e-07
2.19855e-05,1.06989e-07
2.20362e-05,1.07492e-07
2.2087e-05,1.07997e-07
2.21379e-05,1.08504e-07
2.2189e-05,1.09014e-07
2.22401e-05,1.09526e-07
2.22914e-05,1.10041e-07
2.23428e-05,1.10558e-07
2.23943e-05,1.11077e-07
2.2446e-05,1.11599e-07
2.24977e-05,1.12124e-07
2.25496e-05,1.1265e-07
2.26016e-05,1.1318e-07
2.26537e-05,1.13711e-07
2.27059e-05,1.14246e-07
2.27583e-05,1.14783e-07
2.28108e-05,1.15322e-07
2.28634e-05,1.15864e-07
2.29161e-05,1.16408e-07
2.29689e-05,1.16955e-07
2.30219e-05,1.17505e-07
2.30749e-05,1.18057e-07
2.31281e-05,1.18611e-07
2.31815e-05,1.19169e-07
2.32349e-05,1.19729e-07
2.32885e-05,1.20291e-07
2.33422e-05,1.20856e-07
2.3396e-05,1.21424e-07
2.345e-05,1.21995e-07
2.3504e-05,1.22568e-07
2.35582e-05,1.23144e-07
2.36125e-05,1.23722e-07
2.3667e-05,1.24303e-07
2.37216e-05,1.24887e-07
2.37762e-05,1.25474e-07
2.38311e-05,1.26064e-07
2.3886e-05,1.26656e-07
2.39411e-05,1.27251e-07
2.39963e-05,1.27849e-07
2.40516e-05,1.2845e-07
2.41071e-05,1.29053e-07
2.41627e-05,1.29659e-07
2.42184e-05,1.30269e-07
2.42742e-05,1.30881e-07
2.43302e-05,1.31496e-07
2.43863e-05,1.32113e-07
2.44425e-05,1.32734e-07
2.44989e-05,1.33358e-07
2.45553e-05,1.33984e-07
2.4612e-05,1.34614e-07
2.46687e-05,1.35246e-07
2.47256e-05,1.35882e-07
2.47826e-05,1.3652e-07
2.48397e-05,1.37161e-07
2.4897e-05,1.37806e-07
2.49544e-05,1.38453e-07
2.5012e-05,1.39104e-07
2.50696e-05,1.39757e-07
2.51274e-05,1.40414e-07
2.51854e-05,1.41073e-07
2.52434e-05,1.41736e-07
2.53016e-05,1.42402e-07
2.536e-05,1.43071e-07
2.54185e-05,1.43743e-07
2.54771e-05,1.44418e-07
2.55358e-05,1.45097e-07
2.55947e-05,1.45779e-07
2.56537e-05,1.46463e-07
2.57128e-05,1.47152e-07
2.57721e-05,1.47843e-07
2.58316e-05,1.48537e-07
2.58911e-05,1.49235e-07
2.59508e-05,1.49936e-07
2.60106e-05,1.50641e-07
2.60706e-05,1.51348e-07
2.61307e-05,1.52059e-07
2.6191e-05,1.52774e-07
2.62514e-05,1.53491e-07
2.63119e-05,1.54212e-07
2.63726e-05,1.54937e-07
2.64334e-05,1.55665e-07
2.64943e-05,1.56396e-07
2.65554e-05,1.57131e-07
2.66166e-05,1.57869e-07
2.6678e-05,1.58611e-07
2.67395e-05,1.59356e-07
2.68012e-05,1.60104e-07
2.6863e-05,1.60856e-07
2.69249e-05,1.61612e-07
2.6987e-05,1.62371e-07
2.70492e-05,1.63134e-07
2.71116e-05,1.639e-07
2.71741e-05,1.6467e-07
2.72367e-05,1.65444e-07
2.72995e-05,1.66221e-07
2.73625e-05,1.67002e-07
2.74256e-05,1.67786e-07
2.74888e-05,1.68575e-07
2.75522e-05,1.69367e-07
2.76157e-05,1.70162e-07
2.76794e-05,1.70962e-07
2.77432e-05,1.71765e-07
2.78072e-05,1.72571e-07
2.78713e-05,1.73382e-07
2.79356e-05,1.74197e-07
2.8e-05,1.75015e-07
2.80645e-05,1.75837e-07
2.81292e-05,1.76663e-07
2.81941e-05,1.77493e-07
2.82591e-05,1.78327e-07
2.83243e-05,1.79164e-07
2.83896e-05,1.80006e-07
2.8455e-05,1.80851e-07
2.85206e-05,1.81701e-07
2.85864e-05,1.82555e-07
2.86523e-05,1.83412e-07
2.87184e-05,1.84274e-07
2.87846e-05,1.85139e-07
2.88509e-05,1.86009e-07
2.89175e-05,1.86883e-07
2.89841e-05,1.8776e-07
2.9051e-05,1.88642e-07
2.9118e-05,1.89529e-07
2.91851e-05,1.90419e-07
2.92524e-05,1.91313e-07
2.93198e-05,1.92212e-07
2.93874e-05,1.93115e-07
2.94552e-05,1.94022e-07
2.95231e-05,1.94933e-07
2.95912e-05,1.95849e-07
2.96594e-05,1.96769e-07
2.97278e-05,1.97693e-07
2.97963e-05,1.98622e-07
2.9865e-05,1.99555e-07
2.99339e-05,2.00492e-07
3.00029e-05,2.01434e-07
3.00721e-05,2.0238e-07
3.01414e-05,2.0333e-07
3.02109e-05,2.04285e-07
3.02806e-05,2.05245e-07
3.03504e-05,2.06209e-07
3.04204e-05,2.07178e-07
3.04905e-05,2.08151e-07
3.05608e-05,2.09128e-07
3.06313e-05,2.10111e-07
3.07019e-05,2.11098e-07
3.07727e-05,2.12089e-07
3.08437e-05,2.13085e-07
3.09148e-05,2.14086e-07
3.09861e-05,2.15092e-07
3.10575e-05,2.16102e-07
3.11291e-05,2.17117e-07
3.12009e-05,2.18137e-07
3.12728e-05,2.19161e-07
3.13449e-05,2.20191e-07
3.14172e-05,2.21225e-07
3.14896e-05,2.22264e-07
3.15622e-05,2.23308e-07
3.1635e-05,2.24357e-07
3.1708e-05,2.2541e-07
3.17811e-05,2.26469e-07
3.18543e-05,2.27533e-07
3.19278e-05,2.28602e-07
3.20014e-05,2.29675e-07
3.20752e-05,2.30754e-07
3.21491e-05,2.31838e-07
3.22233e-05,2.32927e-07
3.22976e-05,2.34021e-07
3.2372e-05,2.3512e-07
3.24467e-05,2.36224e-07
3.25215e-05,2.37333e-07
3.25965e-05,2.38448e-07
3.26716e-05,2.39568e-07
3.2747e-05,2.40693e-07
3.28225e-05,2.41824e-07
3.28982e-05,2.42959e-07
3.2974e-05,2.441e-07
3.305e-05,2.45247e-07
3.31262e-05,2.46399e-07
3.32026e-05,2.47556e-07
3.32792e-05,2.48719e-07
3.33559e-05,2.49887e-07
3.34328e-05,2.5106e-07
3.35099e-05,2.52239e-07
3.35872e-05,2.53424e-07
3.36646e-05,2.54614e-07
3.37422e-05,2.5581e-07
3.382e-05,2.57011e-07
3.3898e-05,2.58218e-07
3.39762e-05,2.59431e-07
3.40545e-05,2.6065e-07
3.4133e-05,2.61874e-07
3.42117e-05,2.63104e-07
3.42906e-05,2.64339e-07
3.43697e-05,2.65581e-07
3.44489e-05,2.66828e-07
3.45283e-05,2.68081e-07
3.4608e-05,2.6934e-07
3.46877e-05,2.70605e-07
3.47677e-05,2.71876e-07
3.48479e-05,2.73152e-07
3.49282e-05,2.74435e-07
3.50088e-05,2.75724e-07
3.50895e-05,2.77019e-07
3.51704e-05,2.7832e-07
3.52515e-05,2.79627e-07
3.53328e-05,2.8094e-07
3.54142e-05,2.82259e-07
3.54959e-05,2.83585e-07
3.55777e-05,2.84917e-07
3.56598e-05,2.86255e-07
3.5742e-05,2.87599e-07
3.58244e-05,2.8895e-07
3.5907e-05,2.90307e-07
3.59898e-05,2.9167e-07
3.60728e-05,2.9304e-07
3.61559e-05,2.94416e-07
3.62393e-05,2.95798e-07
3.63229e-05,2.97187e-07
3.64066e-05,2.98583e-07
3.64906e-05,2.99985e-07
3.65747e-05,3.01394e-07
3.6659e-05,3.02809e-07
3.67435e-05,3.04231e-07
3.68283e-05,3.0566e-07
3.69132e-05,3.07095e-07
3.69983e-05,3.08537e-07
3.70836e-05,3.09986e-07
3.71691e-05,3.11442e-07
3.72548e-05,3.12904e-07
3.73407e-05,3.14374e-07
3.74268e-05,3.1585e-07
3.75131e-05,3.17333e-07
3.75996e-05,3.18823e-07
3.76863e-05,3.2032e-07
3.77732e-05,3.21824e-07
3.78603e-05,3.23336e-07
3.79476e-05,3.24854e-07
3.80351e-05,3.26379e-07
3.81228e-05,3.27912e-07
3.82107e-05,3.29452e-07
3.82988e-05,3.30999e-07
3.83871e-05,3.32553e-07
3.84756e-05,3.34115e-07
3.85643e-05,3.35683e-07
3.86532e-05,3.3726e-07
3.87423e-05,3.38843e-07
3.88317e-05,3.40434e-07
3.89212e-05,3.42033e-07
3.90109e-05,3.43639e-07
3.91009e-05,3.45253e-07
3.9191e-05,3.46874e-07
3.92814e-05,3.48502e-07
3.9372e-05,3.50139e-07
3.94627e-05,3.51783e-07
3.95537e-05,3.53435e-07
3.96449e-05,3.55094e-07
3.97363e-05,3.56762e-07
3.9828e-05,3.58437e-07
3.99198e-05,3.6012e-07
4.00118e-05,3.61811e-07
4.01041e-05,3.6351e-07
4.01966e-05,3.65216e-07
4.02892e-05,3.66931e-07
4.03821e-05,3.68654e-07
4.04752e-05,3.70385e-07
4.05686e-05,3.72124e-07
4.06621e-05,3.73871e-07
4.07559e-05,3.75627e-07
4.08498e-05,3.7739e-07
4.0944e-05,3.79162e-07
4.10384e-05,3.80943e-07
4.1133e-05,3.82731e-07
4.12279e-05,3.84528e-07
4.13229e-05,3.86334e-07
4.14182e-05,3.88148e-07
4.15137e-05,3.8997e-07
4.16094e-05,3.91801e-07
4.17054e-05,3.93641e-07
4.18015e-05,3.95489e-07
4.18979e-05,3.97346e-07
4.19945e-05,3.99211e-07
4.20914e-05,4.01086e-07
4.21884e-05,4.02969e-07
4.22857e-05,4.04861e-07
4.23832e-05,4.06762e-07
4.24809e-05,4.08671e-07
4.25788e-05,4.1059e-07
4.2677e-05,4.12518e-07
4.27754e-05,4.14455e-07
4.2874e-05,4.164e-07
4.29729e-05,4.18355e-07
4.3072e-05,4.2032e-07
4.31713e-05,4.22293e-07
4.32708e-05,4.24276e-07
4.33706e-05,4.26267e-07
4.34706e-05,4.28269e-07
4.35708e-05,4.30279e-07
4.36713e-05,4.32299e-07
4.3772e-05,4.34329e-07
4.38729e-05,4.36368e-07
4.39741e-05,4.38417e-07
4.40755e-05,4.40475e-07
4.41771e-05,4.42543e-07
4.42789e-05,4.44621e-07
4.4381e-05,4.46708e-07
4.44834e-05,4.48805e-07
4.45859e-05,4.50912e-07
4.46887e-05,4.53029e-07
4.47918e-05,4.55156e-07
4.48951e-05,4.57293e-07
4.49986e-05,4.5944e-07
4.51023e-05,4.61597e-07
4.52063e-05,4.63764e-07
4.53105e-05,4.65941e-07
4.5415e-05,4.68128e-07
4.55197e-05,4.70326e-07
4.56247e-05,4.72534e-07
4.57299e-05,4.74752e-07
4.58353e-05,4.76981e-07
4.5941e-05,4.7922e-07
4.60469e-05,4.8147e-07
4.61531e-05,4.8373e-07
4.62595e-05,4.86001e-07
4.63662e-05,4.88282e-07
4.64731e-05,4.90575e-07
4.65802e-05,4.92878e-07
4.66876e-05,4.95191e-07
4.67953e-05,4.97516e-07
4.69032e-05,4.99851e-07
4.70113e-05,5.02198e-07
4.71197e-05,5.04555e-07
4.72284e-05,5.06924e-07
4.73373e-05,5.09304e-07
4.74464e-05,5.11694e-07
4.75558e-05,5.14097e-07
4.76655e-05,5.1651e-07
4.77754e-05,5.18934e-07
4.78855e-05,5.2137e-07
4.79959e-05,5.23818e-07
4.81066e-05,5.26277e-07
4.82175e-05,5.28747e-07
4.83287e-05,5.31229e-07
4.84401e-05,5.33723e-07
4.85518e-05,5.36228e-07
4.86637e-05,5.38745e-07
4.87759e-05,5.41274e-07
4.88884e-05,5.43815e-07
4.90011e-05,5.46368e-07
4.91141e-05,5.48933e-07
4.92274e-05,5.51509e-07
4.93409e-05,5.54098e-07
4.94546e-05,5.56699e-07
4.95687e-05,5.59312e-07
4.96829e-05,5.61938e-07
4.97975e-05,5.64575e-07
4.99123e-05,5.67225e-07
5.00274e-05,5.69888e-07
5.01427e-05,5.72563e-07
5.02584e-05,5.7525e-07
5.03742e-05,5.77951e-07
5.04904e-05,5.80663e-07
5.06068e-05,5.83389e-07
5.07235e-05,5.86127e-07
5.08404e-05,5.88878e-07
5.09577e-05,5.91643e-07
5.10752e-05,5.9442e-07
5.11929e-05,5.9721e-07
5.1311e-05,6.00013e-07
5.14293e-05,6.02829e-07
5.15478e-05,6.05659e-07
5.16667e-05,6.08501e-07
5.17858e-05,6.11358e-07
5.19052e-05,6.14227e-07
5.20249e-05,6.1711e-07
5.21449e-05,6.20007e-07
5.22651e-05,6.22917e-07
5.23856e-05,6.2584e-07
5.25064e-05,6.28778e-07
5.26274e-05,6.31729e-07
5.27488e-05,6.34694e-07
5.28704e-05,6.37673e-07
5.29923e-05,6.40666e-07
5.31145e-05,6.43673e-07
5.3237e-05,6.46694e-07
5.33597e-05,6.49729e-07
5.34827e-05,6.52779e-07
5.36061e-05,6.55843e-07
5.37297e-05,6.58921e-07
5.38535e-05,6.62013e-07
5.39777e-05,6.6512e-07
5.41022e-05,6.68242e-07
5.42269e-05,6.71378e-07
5.43519e-05,6.74529e-07
5.44773e-05,6.77695e-07
5.46029e-05,6.80876e-07
5.47288e-05,6.84071e-07
5.4855e-05,6.87282e-07
5.49814e-05,6.90507e-07
5.51082e-05,6.93748e-07
5.52353e-05,6.97004e-07
5.53626e-05,7.00275e-07
5.54903e-05,7.03562e-07
5.56182e-05,7.06864e-07
5.57465e-05,7.10181e-07
5.5875e-05,7.13514e-07
5.60038e-05,7.16863e-07
5.6133e-05,7.20227e-07
5.62624e-05,7.23607e-07
5.63921e-05,7.27003e-07
5.65221e-05,7.30415e-07
5.66525e-05,7.33843e-07
5.67831e-05,7.37287e-07
5.6914e-05,7.40747e-07
5.70452e-05,7.44223e-07
5.71768e-05,7.47716e-07
5.73086e-05,7.51225e-07
5.74407e-05,7.5475e-07
5.75732e-05,7.58292e-07
5.77059e-05,7.61851e-07
5.7839e-05,7.65426e-07
5.79723e-05,7.69018e-07
5.8106e-05,7.72627e-07
5.824e-05,7.76253e-07
5.83742e-05,7.79896e-07
5.85088e-05,7.83555e-07
5.86437e-05,7.87232e-07
5.8779e-05,7.90927e-07
5.89145e-05,7.94638e-07
5.90503e-05,7.98367e-07
5.91865e-05,8.02114e-07
5.93229e-05,8.05878e-07
5.94597e-05,8.0966e-07
5.95968e-05,8.13459e-07
5.97342e-05,8.17276e-07
5.9872e-05,8.21112e-07
6.001e-05,8.24965e-07
6.01484e-05,8.28836e-07
6.02871e-05,8.32725e-07
6.04261e-05,8.36633e-07
6.05654e-05,8.40559e-07
6.0705e-05,8.44503e-07
6.0845e-05,8.48466e-07
6.09853e-05,8.52447e-07
6.11259e-05,8.56448e-07
6.12668e-05,8.60466e-07
6.14081e-05,8.64504e-07
6.15497e-05,8.68561e-07
6.16916e-05,8.72636e-07
6.18339e-05,8.76731e-07
6.19764e-05,8.80845e-07
6.21193e-05,8.84978e-07
6.22626e-05,8.89131e-07
6.24061e-05,8.93303e-07
6.255e-05,8.97494e-07
6.26942e-05,9.01706e-07
6.28388e-05,9.05937e-07
6.29837e-05,9.10188e-07
6.31289e-05,9.14458e-07
6.32744e-05,9.18749e-07
6.34203e-05,9.2306e-07
6.35666e-05,9.27391e-07
6.37131e-05,9.31743e-07
6.386e-05,9.36115e-07
6.40073e-05,9.40507e-07
6.41549e-05,9.4492e-07
6.43028e-05,9.49354e-07
6.4451e-05,9.53808e-07
6.45996e-05,9.58283e-07
6.47486e-05,9.6278e-07
6.48979e-05,9.67297e-07
6.50475e-05,9.71835e-07
6.51975e-05,9.76395e-07
6.53478e-05,9.80976e-07
6.54985e-05,9.85579e-07
6.56495e-05,9.90203e-07
6.58009e-05,9.94849e-07
6.59526e-05,9.99517e-07
6.61047e-05,1.00421e-06
6.62571e-05,1.00892e-06
6.64099e-05,1.01365e-06
6.6563e-05,1.01841e-06
6.67164e-05,1.02319e-06
6.68703e-05,1.02799e-06
6.70245e-05,1.03281e-06
6.7179e-05,1.03766e-06
6.73339e-05,1.04252e-06
6.74891e-05,1.04741e-06
6.76448e-05,1.05233e-06
6.78007e-05,1.05727e-06
6.7957e-05,1.06223e-06
6.81137e-05,1.06721e-06
6.82708e-05,1.07222e-06
6.84282e-05,1.07725e-06
6.8586e-05,1.0823e-06
6.87441e-05,1.08738e-06
6.89026e-05,1.09248e-06
6.90615e-05,1.09761e-06
6.92207e-05,1.10275e-06
6.93803e-05,1.10793e-06
6.95403e-05,1.11313e-06
6.97006e-05,1.11835e-06
6.98613e-05,1.12359e-06
7.00224e-05,1.12887e-06
7.01839e-05,1.13416e-06
7.03457e-05,1.13948e-06
7.05079e-05,1.14483e-06
7.06705e-05,1.1502e-06
7.08334e-05,1.1556e-06
7.09967e-05,1.16102e-06
7.11604e-05,1.16646e-06
7.13245e-05,1.17194e-06
7.14889e-05,1.17743e-06
7.16538e-05,1.18296e-06
7.1819e-05,1.18851e-06
7.19846e-05,1.19408e-06
7.21506e-05,1.19968e-06
7.23169e-05,1.20531e-06
7.24837e-05,1.21097e-06
7.26508e-05,1.21665e-06
7.28183e-05,1.22235e-06
7.29862e-05,1.22809e-06
7.31545e-05,1.23385e-06
7.33231e-05,1.23964e-06
7.34922e-05,1.24545e-06
7.36617e-05,1.25129e-06
7.38315e-05,1.25716e-06
7.40017e-05,1.26306e-06
7.41724e-05,1.26899e-06
7.43434e-05,1.27494e-06
7.45148e-05,1.28092e-06
7.46866e-05,1.28693e-06
7.48588e-05,1.29296e-06
7.50314e-05,1.29903e-06
7.52044e-05,1.30512e-06
7.53778e-05,1.31124e-06
7.55516e-05,1.3174e-06
7.57258e-05,1.32358e-06
7.59004e-05,1.32978e-06
7.60754e-05,1.33602e-06
7.62508e-05,1.34229e-06
7.64266e-05,1.34858e-06
7.66028e-05,1.35491e-06
7.67795e-05,1.36127e-06
7.69565e-05,1.36765e-06
7.71339e-05,1.37407e-06
7.73118e-05,1.38051e-06
7.749e-05,1.38699e-06
7.76687e-05,1.39349e-06
7.78478e-05,1.40003e-06
7.80273e-05,1.40659e-06
7.82072e-05,1.41319e-06
7.83875e-05,1.41982e-06
7.85683e-05,1.42648e-06
7.87494e-05,1.43317e-06
7.8931e-05,1.43989e-06
7.9113e-05,1.44665e-06
7.92954e-05,1.45343e-06
7.94782e-05,1.46025e-06
7.96615e-05,1.4671e-06
7.98451e-05,1.47398e-06
8.00292e-05,1.48089e-06
8.02138e-05,1.48784e-06
8.03987e-05,1.49482e-06
8.05841e-05,1.50183e-06
8.07699e-05,1.50887e-06
8.09561e-05,1.51595e-06
8.11428e-05,1.52306e-06
8.13299e-05,1.5302e-06
8.15174e-05,1.53738e-06
8.17054e-05,1.54459e-06
8.18937e-05,1.55183e-06
8.20826e-05,1.55911e-06
8.22718e-05,1.56642e-06
8.24615e-05,1.57377e-06
8.26516e-05,1.58115e-06
8.28422e-05,1.58857e-06
8.30332e-05,1.59602e-06
8.32247e-05,1.6035e-06
8.34166e-05,1.61102e-06
8.36089e-05,1.61858e-06
8.38017e-05,1.62617e-06
8.39949e-05,1.63379e-06
8.41886e-05,1.64146e-06
8.43827e-05,1.64916e-06
8.45772e-05,1.65689e-06
8.47723e-05,1.66466e-06
8.49677e-05,1.67247e-06
8.51636e-05,1.68031e-06
8.536e-05,1.68819e-06
8.55568e-05,1.69611e-06
8.57541e-05,1.70406e-06
8.59518e-05,1.71205e-06
8.615e-05,1.72008e-06
8.63486e-05,1.72815e-06
8.65477e-05,1.73625e-06
8.67472e-05,1.74439e-06
8.69473e-05,1.75257e-06
8.71477e-05,1.76079e-06
8.73487e-05,1.76905e-06
8.75501e-05,1.77735e-06
8.77519e-05,1.78568e-06
8.79543e-05,1.79406e-06
8.81571e-05,1.80247e-06
8.83603e-05,1.81092e-06
8.85641e-05,1.81941e-06
8.87683e-05,1.82794e-06
8.89729e-05,1.83652e-06
8.91781e-05,1.84513e-06
8.93837e-05,1.85378e-06
8.95898e-05,1.86247e-06
8.97964e-05,1.87121e-06
9.00034e-05,1.87998e-06
9.02109e-05,1.8888e-06
9.04189e-05,1.89765e-06
9.06274e-05,1.90655e-06
9.08364e-05,1.91549e-06
9.10458e-05,1.92447e-06
9.12557e-05,1.9335e-06
9.14661e-05,1.94256e-06
9.1677e-05,1.95167e-06
9.18884e-05,1.96082e-06
9.21003e-05,1.97002e-06
9.23126e-05,1.97926e-06
9.25255e-05,1.98854e-06
9.27388e-05,1.99786e-06
9.29526e-05,2.00723e-06
9.3167e-05,2.01664e-06
9.33818e-05,2.0261e-06
9.35971e-05,2.0356e-06
9.38129e-05,2.04514e-06
9.40292e-05,2.05473e-06
9.4246e-05,2.06436e-06
9.44633e-05,2.07404e-06
9.46811e-05,2.08377e-06
9.48994e-05,2.09354e-06
9.51182e-05,2.10335e-06
9.53375e-05,2.11322e-06
9.55574e-05,2.12312e-06
9.57777e-05,2.13308e-06
9.59985e-05,2.14308e-06
9.62199e-05,2.15313e-06
9.64417e-05,2.16322e-06
9.66641e-05,2.17337e-06
9.6887e-05,2.18356e-06
9.71103e-05,2.19379e-06
9.73343e-05,2.20408e-06
9.75587e-05,2.21441e-06
9.77836e-05,2.22479e-06
9.80091e-05,2.23523e-06
9.82351e-05,2.24571e-06
9.84616e-05,2.25623e-06
9.86886e-05,2.26681e-06
9.89161e-05,2.27744e-06
9.91442e-05,2.28812e-06
9.93728e-05,2.29884e-06
9.96019e-05,2.30962e-06
9.98316e-05,2.32045e-06
0.000100062,2.33133e-06
0.000100292,2.34226e-06
0.000100524,2.35324e-06
0.000100755,2.36427e-06
0.000100988,2.37536e-06
0.000101221,2.38649e-06
0.000101454,2.39768e-06
0.000101688,2.40892e-06
0.000101922,2.42021e-06
0.000102157,2.43156e-06
0.000102393,2.44296e-06
0.000102629,2.45441e-06
0.000102866,2.46592e-06
0.000103103,2.47748e-06
0.000103341,2.48909e-06
0.000103579,2.50076e-06
0.000103818,2.51248e-06
0.000104057,2.52426e-06
0.000104297,2.53609e-06
0.000104537,2.54798e-06
0.000104778,2.55993e-06
0.00010502,2.57193e-06
0.000105262,2.58398e-06
0.000105505,2.5961e-06
0.000105748,2.60827e-06
0.000105992,2.62049e-06
0.000106236,2.63278e-06
0.000106481,2.64512e-06
0.000106727,2.65752e-06
0.000106973,2.66997e-06
0.00010722,2.68249e-06
0.000107467,2.69506e-06
0.000107715,2.7077e-06
0.000107963,2.72039e-06
0.000108212,2.73314e-06
0.000108461,2.74595e-06
0.000108711,2.75882e-06
0.000108962,2.77176e-06
0.000109213,2.78475e-06
0.000109465,2.7978e-06
0.000109718,2.81091e-06
0.000109971,2.82409e-06
0.000110224,2.83733e-06
0.000110478,2.85063e-06
0.000110733,2.86399e-06
0.000110988,2.87741e-06
0.000111244,2.8909e-06
0.000111501,2.90445e-06
0.000111758,2.91806e-06
0.000112015,2.93174e-06
0.000112274,2.94548e-06
0.000112533,2.95929e-06
0.000112792,2.97316e-06
0.000113052,2.98709e-06
0.000113313,3.00109e-06
0.000113574,3.01516e-06
0.000113836,3.02929e-06
0.000114098,3.04349e-06
0.000114361,3.05775e-06
0.000114625,3.07208e-06
0.000114889,3.08648e-06
0.000115154,3.10095e-06
0.00011542,3.11548e-06
0.000115686,3.13008e-06
0.000115953,3.14475e-06
0.00011622,3.15949e-06
0.000116488,3.1743e-06
0.000116757,3.18918e-06
0.000117026,3.20412e-06
0.000117296,3.21914e-06
0.000117566,3.23423e-06
0.000117837,3.24938e-06
0.000118109,3.26461e-06
0.000118381,3.27991e-06
0.000118654,3.29528e-06
0.000118928,3.31073e-06
0.000119202,3.32624e-06
0.000119477,3.34183e-06
0.000119752,3.35749e-06
0.000120028,3.37323e-06
0.000120305,3.38903e-06
0.000120583,3.40492e-06
0.000120861,3.42087e-06
0.000121139,3.4369e-06
0.000121419,3.45301e-06
0.000121698,3.46919e-06
0.000121979,3.48545e-06
0.00012226,3.50178e-06
0.000122542,3.51819e-06
0.000122825,3.53468e-06
0.000123108,3.55124e-06
0.000123392,3.56788e-06
0.000123676,3.5846e-06
0.000123961,3.6014e-06
0.000124247,3.61828e-06
0.000124534,3.63523e-06
0.000124821,3.65227e-06
0.000125109,3.66938e-06
0.000125397,3.68658e-06
0.000125686,3.70385e-06
0.000125976,3.72121e-06
0.000126267,3.73864e-06
0.000126558,3.75616e-06
0.000126849,3.77376e-06
0.000127142,3.79145e-06
0.000127435,3.80921e-06
0.000127729,3.82706e-06
0.000128023,3.84499e-06
0.000128319,3.86301e-06
0.000128614,3.88111e-06
0.000128911,3.8993e-06
0.000129208,3.91757e-06
0.000129506,3.93592e-06
0.000129805,3.95436e-06
0.000130104,3.97289e-06
0.000130404,3.99151e-06
0.000130705,4.01021e-06
0.000131006,4.029e-06
0.000131308,4.04788e-06
0.000131611,4.06684e-06
0.000131914,4.0859e-06
0.000132219,4.10504e-06
0.000132523,4.12427e-06
0.000132829,4.1436e-06
0.000133135,4.16301e-06
0.000133442,4.18252e-06
0.00013375,4.20211e-06
0.000134058,4.2218e-06
0.000134367,4.24158e-06
0.000134677,4.26145e-06
0.000134988,4.28142e-06
0.000135299,4.30148e-06
0.000135611,4.32163e-06
0.000135924,4.34188e-06
0.000136237,4.36222e-06
0.000136551,4.38265e-06
0.000136866,4.40319e-06
0.000137181,4.42382e-06
0.000137498,4.44454e-06
0.000137815,4.46536e-06
0.000138133,4.48628e-06
0.000138451,4.5073e-06
0.00013877,4.52842e-06
0.00013909,4.54963e-06
0.000139411,4.57095e-06
0.000139732,4.59236e-06
0.000140055,4.61387e-06
0.000140378,4.63549e-06
0.000140701,4.6572e-06
0.000141026,4.67902e-06
0.000141351,4.70094e-06
0.000141677,4.72296e-06
0.000142003,4.74509e-06
0.000142331,4.76731e-06
0.000142659,4.78965e-06
0.000142988,4.81208e-06
0.000143318,4.83463e-06
0.000143648,4.85727e-06
0.000143979,4.88003e-06
0.000144311,4.90289e-06
0.000144644,4.92585e-06
0.000144977,4.94893e-06
0.000145312,4.97211e-06
0.000145647,4.9954e-06
0.000145983,5.0188e-06
0.000146319,5.04231e-06
0.000146657,5.06593e-06
0.000146995,5.08966e-06
0.000147334,5.1135e-06
0.000147673,5.13745e-06
0.000148014,5.16152e-06
0.000148355,5.18569e-06
0.000148697,5.20998e-06
0.00014904,5.23439e-06
0.000149384,5.2589e-06
0.000149728,5.28354e-06
0.000150073,5.30828e-06
0.000150419,5.33315e-06
0.000150766,5.35813e-06
0.000151114,5.38322e-06
0.000151462,5.40844e-06
0.000151811,5.43377e-06
0.000152161,5.45922e-06
0.000152512,5.48479e-06
0.000152864,5.51048e-06
0.000153216,5.53629e-06
0.00015357,5.56222e-06
0.000153924,5.58827e-06
0.000154279,5.61444e-06
0.000154634,5.64074e-06
0.000154991,5.66716e-06
0.000155348,5.6937e-06
0.000155706,5.72036e-06
0.000156065,5.74716e-06
0.000156425,5.77407e-06
0.000156786,5.80111e-06
0.000157147,5.82828e-06
0.00015751,5.85558e-06
0.000157873,5.883e-06
0.000158237,5.91055e-06
0.000158602,5.93824e-06
0.000158967,5.96605e-06
0.000159334,5.99399e-06
0.000159701,6.02206e-06
0.00016007,6.05026e-06
0.000160439,6.07859e-06
0.000160809,6.10706e-06
0.000161179,6.13566e-06
0.000161551,6.16439e-06
0.000161924,6.19326e-06
0.000162297,6.22226e-06
0.000162671,6.2514e-06
0.000163046,6.28068e-06
0.000163422,6.31009e-06
0.000163799,6.33964e-06
0.000164177,6.36933e-06
0.000164555,6.39915e-06
0.000164935,6.42912e-06
0.000165315,6.45923e-06
0.000165696,6.48947e-06
0.000166078,6.51986e-06
0.000166461,6.55039e-06
0.000166845,6.58106e-06
0.000167229,6.61188e-06
0.000167615,6.64284e-06
0.000168001,6.67395e-06
0.000168389,6.7052e-06
0.000168777,6.7366e-06
0.000169166,6.76814e-06
0.000169556,6.79983e-06
0.000169947,6.83167e-06
0.000170339,6.86366e-06
0.000170732,6.8958e-06
0.000171125,6.92809e-06
0.00017152,6.96053e-06
0.000171916,6.99312e-06
0.000172312,7.02586e-06
0.000172709,7.05876e-06
0.000173107,7.09181e-06
0.000173507,7.12501e-06
0.000173907,7.15837e-06
0.000174308,7.19189e-06
0.00017471,7.22556e-06
0.000175112,7.25939e-06
0.000175516,7.29338e-06
0.000175921,7.32753e-06
0.000176326,7.36184e-06
0.000176733,7.3963e-06
0.00017714,7.43093e-06
0.000177549,7.46572e-06
0.000177958,7.50068e-06
0.000178369,7.53579e-06
0.00017878,7.57108e-06
0.000179192,7.60652e-06
0.000179605,7.64213e-06
0.000180019,7.67791e-06
0.000180434,7.71386e-06
0.00018085,7.74997e-06
0.000181267,7.78625e-06
0.000181685,7.82271e-06
0.000182104,7.85933e-06
0.000182524,7.89612e-06
0.000182945,7.93309e-06
0.000183367,7.97023e-06
0.00018379,8.00754e-06
0.000184213,8.04503e-06
0.000184638,8.08269e-06
0.000185064,8.12053e-06
0.000185491,8.15854e-06
0.000185918,8.19673e-06
0.000186347,8.2351e-06
0.000186777,8.27366e-06
0.000187207,8.31239e-06
0.000187639,8.3513e-06
0.000188071,8.39039e-06
0.000188505,8.42967e-06
0.00018894,8.46913e-06
0.000189375,8.50877e-06
0.000189812,8.5486e-06
0.00019025,8.58862e-06
0.000190688,8.62882e-06
0.000191128,8.66921e-06
0.000191569,8.70979e-06
0.00019201,8.75056e-06
0.000192453,8.79152e-06
0.000192897,8.83267e-06
0.000193342,8.87402e-06
0.000193787,8.91556e-06
0.000194234,8.95729e-06
0.000194682,8.99921e-06
0.000195131,9.04134e-06
0.000195581,9.08366e-06
0.000196032,9.12617e-06
0.000196484,9.16889e-06
0.000196937,9.2118e-06
0.000197391,9.25492e-06
0.000197846,9.29824e-06
0.000198302,9.34176e-06
0.000198759,9.38548e-06
0.000199218,9.42941e-06
0.000199677,9.47354e-06
0.000200137,9.51788e-06
0.000200599,9.56243e-06
0.000201061,9.60718e-06
0.000201525,9.65215e-06
0.00020199,9.69732e-06
0.000202455,9.74271e-06
0.000202922,9.7883e-06
0.00020339,9.83412e-06
0.000203859,9.88014e-06
0.000204329,9.92638e-06
0.0002048,9.97284e-06
0.000205272,1.00195e-05
0.000205746,1.00664e-05
0.00020622,1.01135e-05
0.000206696,1.01608e-05
0.000207172,1.02084e-05
0.00020765,1.02562e-05
0.000208129,1.03042e-05
0.000208608,1.03524e-05
0.000209089,1.04008e-05
0.000209572,1.04495e-05
0.000210055,1.04984e-05
0.000210539,1.05475e-05
0.000211025,1.05969e-05
0.000211511,1.06465e-05
0.000211999,1.06963e-05
0.000212488,1.07464e-05
0.000212978,1.07966e-05
0.000213469,1.08472e-05
0.000213961,1.08979e-05
0.000214454,1.09489e-05
0.000214949,1.10002e-05
0.000215444,1.10516e-05
0.000215941,1.11033e-05
0.000216439,1.11553e-05
0.000216938,1.12075e-05
0.000217438,1.12599e-05
0.000217939,1.13126e-05
0.000218442,1.13656e-05
0.000218946,1.14187e-05
0.00021945,1.14722e-05
0.000219956,1.15259e-05
0.000220464,1.15798e-05
0.000220972,1.1634e-05
0.000221481,1.16884e-05
0.000221992,1.17431e-05
0.000222504,1.1798e-05
0.000223017,1.18532e-05
0.000223531,1.19087e-05
0.000224046,1.19644e-05
0.000224563,1.20204e-05
0.000225081,1.20766e-05
0.0002256,1.21331e-05
0.00022612,1.21899e-05
0.000226641,1.22469e-05
0.000227164,1.23042e-05
0.000227688,1.23618e-05
0.000228213,1.24196e-05
0.000228739,1.24777e-05
0.000229266,1.25361e-05
0.000229795,1.25948e-05
0.000230325,1.26537e-05
0.000230856,1.27129e-05
0.000231388,1.27724e-05
0.000231922,1.28321e-05
0.000232456,1.28922e-05
0.000232992,1.29525e-05
0.000233529,1.30131e-05
0.000234068,1.30739e-05
0.000234608,1.31351e-05
0.000235149,1.31965e-05
0.000235691,1.32583e-05
0.000236234,1.33203e-05
0.000236779,1.33826e-05
0.000237325,1.34452e-05
0.000237872,1.35081e-05
0.00023842,1.35713e-05
0.00023897,1.36348e-05
0.000239521,1.36986e-05
0.000240073,1.37627e-05
0.000240627,1.3827e-05
0.000241182,1.38917e-05
0.000241738,1.39567e-05
0.000242295,1.4022e-05
0.000242854,1.40876e-05
0.000243414,1.41535e-05
0.000243975,1.42197e-05
0.000244538,1.42862e-05
0.000245101,1.4353e-05
0.000245667,1.44201e-05
0.000246233,1.44876e-05
0.000246801,1.45554e-05
0.00024737,1.46234e-05
0.00024794,1.46918e-05
0.000248512,1.47606e-05
0.000249085,1.48296e-05
0.000249659,1.4899e-05
0.000250235,1.49686e-05
0.000250812,1.50387e-05
0.00025139,1.5109e-05
0.00025197,1.51797e-05
0.000252551,1.52507e-05
0.000253133,1.5322e-05
0.000253717,1.53937e-05
0.000254302,1.54656e-05
0.000254888,1.5538e-05
0.000255476,1.56107e-05
0.000256065,1.56837e-05
0.000256655,1.5757e-05
0.000257247,1.58307e-05
0.00025784,1.59047e-05
0.000258435,1.59791e-05
0.00025903,1.60539e-05
0.000259628,1.61289e-05
0.000260226,1.62044e-05
0.000260826,1.62801e-05
0.000261428,1.63563e-05
0.00026203,1.64328e-05
0.000262635,1.65096e-05
0.00026324,1.65868e-05
0.000263847,1.66644e-05
0.000264455,1.67423e-05
0.000265065,1.68206e-05
0.000265676,1.68993e-05
0.000266289,1.69783e-05
0.000266903,1.70577e-05
0.000267518,1.71375e-05
0.000268135,1.72176e-05
0.000268753,1.72981e-05
0.000269373,1.7379e-05
0.000269994,1.74603e-05
0.000270617,1.75419e-05
0.000271241,1.76239e-05
0.000271866,1.77064e-05
0.000272493,1.77891e-05
0.000273121,1.78723e-05
0.000273751,1.79559e-05
0.000274382,1.80399e-05
0.000275015,1.81242e-05
0.000275649,1.8209e-05
0.000276284,1.82941e-05
0.000276921,1.83796e-05
0.00027756,1.84656e-05
0.0002782,1.85519e-05
0.000278841,1.86386e-05
0.000279484,1.87258e-05
0.000280129,1.88133e-05
0.000280775,1.89013e-05
0.000281422,1.89897e-05
0.000282071,1.90785e-05
0.000282721,1.91677e-05
0.000283373,1.92573e-05
0.000284026,1.93473e-05
0.000284681,1.94378e-05
0.000285338,1.95286e-05
0.000285996,1.96199e-05
0.000286655,1.97117e-05
0.000287316,1.98038e-05
0.000287978,1.98964e-05
0.000288642,1.99894e-05
0.000289308,2.00829e-05
0.000289975,2.01768e-05
0.000290644,2.02711e-05
0.000291314,2.03659e-05
0.000291985,2.04611e-05
0.000292659,2.05567e-05
0.000293333,2.06528e-05
0.00029401,2.07494e-05
0.000294688,2.08464e-05
0.000295367,2.09438e-05
0.000296048,2.10417e-05
0.000296731,2.11401e-05
0.000297415,2.12389e-05
0.000298101,2.13382e-05
0.000298788,2.14379e-05
0.000299477,2.15381e-05
0.000300167,2.16388e-05
0.00030086,2.174e-05
0.000301553,2.18416e-05
0.000302248,2.19437e-05
0.000302945,2.20463e-05
0.000303644,2.21493e-05
0.000304344,2.22528e-05
0.000305046,2.23569e-05
0.000305749,2.24614e-05
0.000306454,2.25663e-05
0.000307161,2.26718e-05
0.000307869,2.27778e-05
0.000308579,2.28843e-05
0.00030929,2.29912e-05
0.000310003,2.30987e-05
0.000310718,2.32066e-05
0.000311435,2.33151e-05
0.000312153,2.34241e-05
0.000312872,2.35336e-05
0.000313594,2.36435e-05
0.000314317,2.3754e-05
0.000315041,2.38651e-05
0.000315768,2.39766e-05
0.000316496,2.40887e-05
0.000317226,2.42012e-05
0.000317957,2.43143e-05
0.00031869,2.4428e-05
0.000319425,2.45421e-05
0.000320162,2.46568e-05
0.0003209,2.47721e-05
0.00032164,2.48878e-05
0.000322381,2.50041e-05
0.000323125,2.5121e-05
0.00032387,2.52384e-05
0.000324616,2.53563e-05
0.000325365,2.54748e-05
0.000326115,2.55939e-05
0.000326867,2.57135e-05
0.000327621,2.58336e-05
0.000328376,2.59544e-05
0.000329133,2.60756e-05
0.000329892,2.61975e-05
0.000330653,2.63199e-05
0.000331415,2.64429e-05
0.000332179,2.65665e-05
0.000332945,2.66906e-05
0.000333713,2.68153e-05
0.000334482,2.69406e-05
0.000335253,2.70665e-05
0.000336026,2.7193e-05
0.000336801,2.732e-05
0.000337578,2.74477e-05
0.000338356,2.75759e-05
0.000339136,2.77048e-05
0.000339918,2.78342e-05
0.000340702,2.79643e-05
0.000341487,2.80949e-05
0.000342275,2.82262e-05
0.000343064,2.83581e-05
0.000343855,2.84906e-05
0.000344648,2.86237e-05
0.000345442,2.87574e-05
0.000346239,2.88918e-05
0.000347037,2.90268e-05
0.000347837,2.91624e-05
0.000348639,2.92986e-05
0.000349443,2.94355e-05
0.000350249,2.9573e-05
0.000351057,2.97112e-05
0.000351866,2.985e-05
0.000352677,2.99895e-05
0.00035349,3.01296e-05
0.000354306,3.02703e-05
0.000355122,3.04117e-05
0.000355941,3.05538e-05
0.000356762,3.06965e-05
0.000357585,3.08399e-05
0.000358409,3.0984e-05
0.000359235,3.11288e-05
0.000360064,3.12742e-05
0.000360894,3.14203e-05
0.000361726,3.1567e-05
0.00036256,3.17145e-05
0.000363396,3.18626e-05
0.000364234,3.20115e-05
0.000365074,3.2161e-05
0.000365915,3.23112e-05
0.000366759,3.24622e-05
0.000367605,3.26138e-05
0.000368452,3.27661e-05
0.000369302,3.29192e-05
0.000370153,3.3073e-05
0.000371007,3.32274e-05
0.000371862,3.33826e-05
0.00037272,3.35386e-05
0.000373579,3.36952e-05
0.00037444,3.38526e-05
0.000375304,3.40107e-05
0.000376169,3.41696e-05
0.000377036,3.43292e-05
0.000377906,3.44895e-05
0.000378777,3.46506e-05
0.00037965,3.48124e-05
0.000380526,3.4975e-05
0.000381403,3.51384e-05
0.000382283,3.53025e-05
0.000383164,3.54673e-05
0.000384047,3.5633e-05
0.000384933,3.57994e-05
0.000385821,3.59666e-05
0.00038671,3.61346e-05
0.000387602,3.63033e-05
0.000388495,3.64729e-05
0.000389391,3.66432e-05
0.000390289,3.68143e-05
0.000391189,3.69862e-05
0.000392091,3.7159e-05
0.000392995,3.73325e-05
0.000393901,3.75068e-05
0.000394809,3.7682e-05
0.00039572,3.78579e-05
0.000396632,3.80347e-05
0.000397547,3.82123e-05
0.000398463,3.83908e-05
0.000399382,3.857e-05
0.000400303,3.87501e-05
0.000401226,3.89311e-05
0.000402151,3.91129e-05
0.000403078,3.92955e-05
0.000404007,3.9479e-05
0.000404939,3.96633e-05
0.000405873,3.98485e-05
0.000406808,4.00346e-05
0.000407746,4.02215e-05
0.000408687,4.04093e-05
0.000409629,4.0598e-05
0.000410573,4.07876e-05
0.00041152,4.0978e-05
0.000412469,4.11693e-05
0.00041342,4.13616e-05
0.000414373,4.15547e-05
0.000415329,4.17487e-05
0.000416286,4.19436e-05
0.000417246,4.21394e-05
0.000418208,4.23362e-05
0.000419172,4.25338e-05
0.000420139,4.27324e-05
0.000421107,4.29319e-05
0.000422078,4.31323e-05
0.000423052,4.33337e-05
0.000424027,4.3536e-05
0.000425005,4.37392e-05
0.000425985,4.39434e-05
0.000426967,4.41486e-05
0.000427951,4.43547e-05
0.000428938,4.45617e-05
0.000429927,4.47698e-05
0.000430918,4.49788e-05
0.000431912,4.51887e-05
0.000432908,4.53997e-05
0.000433906,4.56116e-05
0.000434906,4.58245e-05
0.000435909,4.60384e-05
0.000436914,4.62533e-05
0.000437922,4.64692e-05
0.000438931,4.66861e-05
0.000439943,4.69041e-05
0.000440958,4.7123e-05
0.000441974,4.7343e-05
0.000442993,4.75639e-05
0.000444015,4.77859e-05
0.000445039,4.8009e-05
0.000446065,4.82331e-05
0.000447093,4.84582e-05
0.000448124,4.86844e-05
0.000449157,4.89116e-05
0.000450193,4.91399e-05
0.000451231,4.93692e-05
0.000452271,4.95997e-05
0.000453314,4.98312e-05
0.000454359,5.00637e-05
0.000455407,5.02974e-05
0.000456457,5.05321e-05
0.00045751,5.0768e-05
0.000458564,5.10049e-05
0.000459622,5.12429e-05
0.000460681,5.14821e-05
0.000461744,5.17223e-05
0.000462808,5.19637e-05
0.000463875,5.22062e-05
0.000464945,5.24499e-05
0.000466017,5.26946e-05
0.000467091,5.29405e-05
0.000468168,5.31876e-05
0.000469248,5.34358e-05
0.00047033,5.36851e-05
0.000471414,5.39357e-05
0.000472501,5.41874e-05
0.000473591,5.44402e-05
0.000474683,5.46942e-05
0.000475777,5.49495e-05
0.000476874,5.52059e-05
0.000477974,5.54635e-05
0.000479076,5.57223e-05
0.00048018,5.59823e-05
0.000481287,5.62435e-05
0.000482397,5.65059e-05
0.000483509,5.67696e-05
0.000484624,5.70345e-05
0.000485742,5.73006e-05
0.000486862,5.75679e-05
0.000487984,5.78365e-05
0.000489109,5.81064e-05
0.000490237,5.83775e-05
0.000491367,5.86499e-05
0.0004925,5.89235e-05
0.000493636,5.91984e-05
0.000494774,5.94746e-05
0.000495915,5.97521e-05
0.000497058,6.00308e-05
0.000498204,6.03109e-05
0.000499353,6.05923e-05
0.000500504,6.0875e-05
0.000501658,6.1159e-05
0.000502815,6.14443e-05
0.000503974,6.17309e-05
0.000505136,6.20189e-05
0.000506301,6.23082e-05
0.000507469,6.25989e-05
0.000508639,6.28909e-05
0.000509811,6.31843e-05
0.000510987,6.3479e-05
0.000512165,6.37752e-05
0.000513346,6.40726e-05
0.00051453,6.43715e-05
0.000515716,6.46718e-05
0.000516905,6.49735e-05
0.000518097,6.52765e-05
0.000519291,6.5581e-05
0.000520489,6.58869e-05
0.000521689,6.61943e-05
0.000522892,6.6503e-05
0.000524097,6.68132e-05
0.000525306,6.71248e-05
0.000526517,6.74379e-05
0.000527731,6.77525e-05
0.000528948,6.80685e-05
0.000530167,6.8386e-05
0.00053139,6.87049e-05
0.000532615,6.90253e-05
0.000533843,6.93473e-05
0.000535074,6.96707e-05
0.000536308,6.99956e-05
0.000537544,7.03221e-05
0.000538784,7.06501e-05
0.000540026,7.09795e-05
0.000541271,7.13106e-05
0.000542519,7.16431e-05
0.00054377,7.19772e-05
0.000545024,7.23129e-05
0.00054628,7.26501e-05
0.00054754,7.29889e-05
0.000548802,7.33293e-05
0.000550068,7.36713e-05
0.000551336,7.40148e-05
0.000552607,7.436e-05
0.000553881,7.47067e-05
0.000555158,7.50551e-05
0.000556438,7.54051e-05
0.000557721,7.57567e-05
0.000559007,7.611e-05
0.000560296,7.64648e-05
0.000561588,7.68214e-05
0.000562883,7.71796e-05
0.000564181,7.75395e-05
0.000565482,7.7901e-05
0.000566786,7.82642e-05
0.000568092,7.86292e-05
0.000569402,7.89958e-05
0.000570715,7.93641e-05
0.000572031,7.97341e-05
0.00057335,8.01059e-05
0.000574672,8.04794e-05
0.000575997,8.08546e-05
0.000577325,8.12316e-05
0.000578656,8.16103e-05
0.00057999,8.19908e-05
0.000581328,8.2373e-05
0.000582668,8.27571e-05
0.000584011,8.31429e-05
0.000585358,8.35305e-05
0.000586708,8.39199e-05
0.00058806,8.43111e-05
0.000589416,8.47042e-05
0.000590775,8.5099e-05
0.000592137,8.54958e-05
0.000593503,8.58943e-05
0.000594871,8.62947e-05
0.000596243,8.6697e-05
0.000597618,8.71011e-05
0.000598995,8.75071e-05
0.000600377,8.79151e-05
0.000601761,8.83249e-05
0.000603148,8.87366e-05
0.000604539,8.91502e-05
0.000605933,8.95658e-05
0.00060733,8.99832e-05
0.00060873,9.04027e-05
0.000610134,9.0824e-05
0.000611541,9.12474e-05
0.000612951,9.16727e-05
0.000614364,9.21e-05
0.000615781,9.25292e-05
0.0006172,9.29605e-05
0.000618623,9.33937e-05
0.00062005,9.3829e-05
0.000621479,9.42663e-05
0.000622912,9.47057e-05
0.000624349,9.51471e-05
0.000625788,9.55905e-05
0.000627231,9.6036e-05
0.000628677,9.64836e-05
0.000630127,9.69332e-05
0.00063158,9.73849e-05
0.000633036,9.78388e-05
0.000634495,9.82947e-05
0.000635958,9.87528e-05
0.000637425,9.9213e-05
0.000638894,9.96753e-05
0.000640368,0.00010014
0.000641844,0.000100606
0.000643324,0.000101075
0.000644807,0.000101546
0.000646294,0.000102019
0.000647784,0.000102495
0.000649278,0.000102972
0.000650775,0.000103452
0.000652275,0.000103934
0.000653779,0.000104419
0.000655287,0.000104905
0.000656798,0.000105394
0.000658312,0.000105885
0.00065983,0.000106378
0.000661351,0.000106874
0.000662876,0.000107372
0.000664404,0.000107872
0.000665936,0.000108375
0.000667472,0.00010888
0.000669011,0.000109387
0.000670553,0.000109897
0.000672099,0.000110409
0.000673649,0.000110923
0.000675202,0.00011144
0.000676759,0.000111959
0.00067832,0.00011248
0.000679884,0.000113005
0.000681451,0.000113531
0.000683022,0.00011406
0.000684597,0.000114591
0.000686176,0.000115125
0.000687758,0.000115661
0.000689344,0.0001162
0.000690933,0.000116741
0.000692526,0.000117285
0.000694123,0.000117831
0.000695723,0.00011838
0.000697327,0.000118932
0.000698935,0.000119486
0.000700547,0.000120042
0.000702162,0.000120601
0.000703781,0.000121163
0.000705404,0.000121728
0.00070703,0.000122295
0.00070866,0.000122864
0.000710294,0.000123436
0.000711932,0.000124011
0.000713574,0.000124589
0.000715219,0.000125169
0.000716868,0.000125752
0.000718521,0.000126338
0.000720177,0.000126926
0.000721838,0.000127517
0.000723502,0.000128111
0.000725171,0.000128708
0.000726843,0.000129307
0.000728518,0.000129909
0.000730198,0.000130514
0.000731882,0.000131122
0.000733569,0.000131733
0.000735261,0.000132346
0.000736956,0.000132962
0.000738655,0.000133582
0.000740358,0.000134204
0.000742065,0.000134829
0.000743776,0.000135456
0.000745491,0.000136087
0.00074721,0.000136721
0.000748933,0.000137357
0.00075066,0.000137997
0.000752391,0.00013864
0.000754125,0.000139285
0.000755864,0.000139934
0.000757607,0.000140585
0.000759354,0.00014124
0.000761105,0.000141897
0.000762859,0.000142558
0.000764618,0.000143222
0.000766381,0.000143888
0.000768148,0.000144558
0.00076992,0.000145231
0.000771695,0.000145908
0.000773474,0.000146587
0.000775257,0.000147269
0.000777045,0.000147955
0.000778837,0.000148644
0.000780632,0.000149336
0.000782432,0.000150031
0.000784236,0.000150729
0.000786045,0.000151431
0.000787857,0.000152136
0.000789673,0.000152844
0.000791494,0.000153555
0.000793319,0.00015427
0.000795148,0.000154988
0.000796982,0.00015571
0.000798819,0.000156435
0.000800661,0.000157163
0.000802507,0.000157894
0.000804358,0.000158629
0.000806212,0.000159368
0.000808071,0.000160109
0.000809934,0.000160854
0.000811802,0.000161603
0.000813673,0.000162355
0.00081555,0.000163111
0.00081743,0.00016387
0.000819315,0.000164633
0.000821204,0.000165399
0.000823097,0.000166169
0.000824995,0.000166942
0.000826897,0.000167719
0.000828804,0.000168499
0.000830715,0.000169284
0.00083263,0.000170071
0.00083455,0.000170863
0.000836474,0.000171658
0.000838403,0.000172457
0.000840336,0.000173259
0.000842274,0.000174066
0.000844216,0.000174876
0.000846162,0.000175689
0.000848113,0.000176507
0.000850069,0.000177328
0.000852029,0.000178153
0.000853993,0.000178982
0.000855962,0.000179815
0.000857936,0.000180652
0.000859914,0.000181492
0.000861897,0.000182337
0.000863884,0.000183185
0.000865876,0.000184037
0.000867872,0.000184893
0.000869873,0.000185754
0.000871879,0.000186618
0.000873889,0.000187486
0.000875904,0.000188358
0.000877924,0.000189235
0.000879948,0.000190115
0.000881977,0.000190999
0.00088401,0.000191888
0.000886049,0.000192781
0.000888092,0.000193678
0.000890139,0.000194578
0.000892192,0.000195484
0.000894249,0.000196393
0.000896311,0.000197307
0.000898377,0.000198224
0.000900449,0.000199146
0.000902525,0.000200073
0.000904606,0.000201003
0.000906692,0.000201938
0.000908782,0.000202878
0.000910877,0.000203821
0.000912978,0.000204769
0.000915083,0.000205722
0.000917193,0.000206679
0.000919307,0.00020764
0.000921427,0.000208606
0.000923552,0.000209576
0.000925681,0.00021055
0.000927815,0.00021153
0.000929955,0.000212513
0.000932099,0.000213502
0.000934248,0.000214495
0.000936402,0.000215492
0.000938561,0.000216494
0.000940725,0.000217501
0.000942894,0.000218513
0.000945068,0.000219529
0.000947247,0.00022055
0.000949431,0.000221575
0.00095162,0.000222606
0.000953815,0.000223641
0.000956014,0.000224681
0.000958218,0.000225725
0.000960427,0.000226775
0.000962642,0.000227829
0.000964861,0.000228889
0.000967086,0.000229953
0.000969316,0.000231022
0.000971551,0.000232096
0.000973791,0.000233176
0.000976036,0.00023426
0.000978287,0.000235349
0.000980542,0.000236443
0.000982803,0.000237542
0.000985069,0.000238647
0.000987341,0.000239756
0.000989617,0.000240871
0.000991899,0.000241991
0.000994186,0.000243116
0.000996478,0.000244246
0.000998776,0.000245381
0.00100108,0.000246522
0.00100339,0.000247668
0.0010057,0.000248819
0.00100802,0.000249976
0.00101034,0.000251138
0.00101267,0.000252305
0.00101501,0.000253478
0.00101735,0.000254656
0.00101969,0.00025584
0.00102204,0.000257029
0.0010244,0.000258224
0.00102676,0.000259424
0.00102913,0.00026063
0.0010315,0.000261841
0.00103388,0.000263058
0.00103627,0.000264281
0.00103866,0.000265509
0.00104105,0.000266743
0.00104345,0.000267983
0.00104586,0.000269228
0.00104827,0.000270479
0.00105068,0.000271737
0.00105311,0.000272999
0.00105554,0.000274268
0.00105797,0.000275543
0.00106041,0.000276823
0.00106285,0.000278109
0.0010653,0.000279402
0.00106776,0.0002807
0.00107022,0.000282005
0.00107269,0.000283315
0.00107516,0.000284631
0.00107764,0.000285954
0.00108013,0.000287283
0.00108262,0.000288617
0.00108511,0.000289959
0.00108762,0.000291306
0.00109012,0.000292659
0.00109264,0.000294019
0.00109516,0.000295385
0.00109768,0.000296757
0.00110021,0.000298136
0.00110275,0.000299521
0.00110529,0.000300913
0.00110784,0.000302311
0.00111039,0.000303715
0.00111295,0.000305126
0.00111552,0.000306544
0.00111809,0.000307968
0.00112067,0.000309398
0.00112325,0.000310836
0.00112584,0.00031228
0.00112844,0.00031373
0.00113104,0.000315188
0.00113365,0.000316652
0.00113626,0.000318123
0.00113888,0.0003196
0.00114151,0.000321085
0.00114414,0.000322576
0.00114678,0.000324074
0.00114942,0.00032558
0.00115207,0.000327092
0.00115473,0.000328611
0.00115739,0.000330137
0.00116006,0.000331671
0.00116274,0.000333211
0.00116542,0.000334758
0.0011681,0.000336313
0.0011708,0.000337875
0.0011735,0.000339444
0.0011762,0.000341021
0.00117891,0.000342604
0.00118163,0.000344195
0.00118436,0.000345794
0.00118709,0.000347399
0.00118983,0.000349013
0.00119257,0.000350633
0.00119532,0.000352261
0.00119807,0.000353897
0.00120084,0.00035554
0.00120361,0.000357191
0.00120638,0.00035885
0.00120916,0.000360516
0.00121195,0.00036219
0.00121474,0.000363872
0.00121755,0.000365561
0.00122035,0.000367258
0.00122317,0.000368963
0.00122599,0.000370676
0.00122881,0.000372397
0.00123165,0.000374126
0.00123449,0.000375863
0.00123733,0.000377608
0.00124019,0.000379361
0.00124305,0.000381122
0.00124591,0.000382891
0.00124878,0.000384669
0.00125166,0.000386454
0.00125455,0.000388248
0.00125744,0.000390051
0.00126034,0.000391861
0.00126325,0.00039368
0.00126616,0.000395507
0.00126908,0.000397343
0.00127201,0.000399188
0.00127494,0.00040104
0.00127788,0.000402902
0.00128082,0.000404772
0.00128378,0.00040665
0.00128674,0.000408538
0.0012897,0.000410434
0.00129268,0.000412339
0.00129566,0.000414252
0.00129865,0.000416175
0.00130164,0.000418106
0.00130464,0.000420047
0.00130765,0.000421996
0.00131066,0.000423954
0.00131369,0.000425922
0.00131672,0.000427898
0.00131975,0.000429884
0.00132279,0.000431879
0.00132584,0.000433883
0.0013289,0.000435896
0.00133197,0.000437918
0.00133504,0.00043995
0.00133811,0.000441992
0.0013412,0.000444043
0.00134429,0.000446103
0.00134739,0.000448173
0.0013505,0.000450252
0.00135361,0.000452341
0.00135673,0.00045444
0.00135986,0.000456548
0.001363,0.000458666
0.00136614,0.000460794
0.00136929,0.000462932
0.00137245,0.000465079
0.00137561,0.000467237
0.00137878,0.000469404
0.00138196,0.000471582
0.00138515,0.000473769
0.00138834,0.000475967
0.00139154,0.000478175
0.00139475,0.000480393
0.00139797,0.000482621
0.00140119,0.00048486
0.00140442,0.000487109
0.00140766,0.000489368
0.00141091,0.000491638
0.00141416,0.000493918
0.00141742,0.000496209
0.00142069,0.000498511
0.00142396,0.000500823
0.00142725,0.000503145
0.00143054,0.000505479
0.00143384,0.000507823
0.00143714,0.000510178
0.00144046,0.000512544
0.00144378,0.000514921
0.00144711,0.000517309
0.00145044,0.000519708
0.00145379,0.000522118
0.00145714,0.000524539
0.0014605,0.000526971
0.00146387,0.000529415
0.00146724,0.00053187
0.00147062,0.000534336
0.00147401,0.000536813
0.00147741,0.000539302
0.00148082,0.000541803
0.00148423,0.000544315
0.00148766,0.000546839
0.00149109,0.000549374
0.00149452,0.000551921
0.00149797,0.00055448
0.00150142,0.000557051
0.00150489,0.000559633
0.00150836,0.000562228
0.00151183,0.000564834
0.00151532,0.000567452
0.00151881,0.000570083
0.00152232,0.000572726
0.00152583,0.000575381
0.00152934,0.000578048
0.00153287,0.000580727
0.0015364,0.000583419
0.00153995,0.000586123
0.0015435,0.00058884
0.00154706,0.000591569
0.00155062,0.000594311
0.0015542,0.000597066
0.00155778,0.000599833
0.00156137,0.000602613
0.00156497,0.000605406
0.00156858,0.000608212
0.0015722,0.000611031
0.00157582,0.000613863
0.00157946,0.000616708
0.0015831,0.000619566
0.00158675,0.000622437
0.00159041,0.000625321
0.00159407,0.000628219
0.00159775,0.00063113
0.00160143,0.000634055
0.00160513,0.000636993
0.00160883,0.000639944
0.00161254,0.00064291
0.00161625,0.000645889
0.00161998,0.000648881
0.00162372,0.000651888
0.00162746,0.000654911
0.00163121,0.000657948
0.00163497,0.000660999
0.00163874,0.000664064
0.00164252,0.000667143
0.00164631,0.000670236
0.0016501,0.000673343
0.00165391,0.000676464
0.00165772,0.000679599
0.00166155,0.000682748
0.00166538,0.000685911
0.00166922,0.000689089
0.00167306,0.00069228
0.00167692,0.000695486
0.00168079,0.000698706
0.00168466,0.000701941
0.00168855,0.000705189
0.00169244,0.000708452
0.00169634,0.000711729
0.00170026,0.000715021
0.00170418,0.000718324
0.0017081,0.000721649
0.00171204,0.000724997
0.00171599,0.000728361
0.00171995,0.000731738
0.00172391,0.000735131
0.00172789,0.000738539
0.00173187,0.000741962
0.00173587,0.000745401
0.00173987,0.000748854
0.00174388,0.000752323
0.0017479,0.000755808
0.00175193,0.000759308
0.00175597,0.000762824
0.00176002,0.000766356
0.00176408,0.000769904
0.00176814,0.000773468
0.00177222,0.000777049
0.00177631,0.000780645
0.0017804,0.000784258
0.00178451,0.000787888
0.00178862,0.000791536
0.00179275,0.000795202
0.00179688,0.000798885
0.00180102,0.000802584
0.00180518,0.000806301
0.00180934,0.000810034
0.00181351,0.000813785
0.00181769,0.000817553
0.00182188,0.000821338
0.00182608,0.000825141
0.00183029,0.000828961
0.00183451,0.000832799
0.00183874,0.000836655
0.00184298,0.000840528
0.00184723,0.000844419
0.00185149,0.000848328
0.00185576,0.000852255
0.00186004,0.0008562
0.00186433,0.000860163
0.00186863,0.000864145
0.00187293,0.000868144
0.00187725,0.000872163
0.00188158,0.0008762
0.00188592,0.000880255
0.00189027,0.000884329
0.00189463,0.000888422
0.00189899,0.000892534
0.00190337,0.000896665
0.00190776,0.000900815
0.00191216,0.000904983
0.00191657,0.000909171
0.00192099,0.000913379
0.00192542,0.000917605
0.00192986,0.000921852
0.00193431,0.000926117
0.00193877,0.000930403
0.00194324,0.000934708
0.00194772,0.000939033
0.00195221,0.000943377
0.00195671,0.000947742
0.00196122,0.000952127
0.00196574,0.000956532
0.00197028,0.000960957
0.00197482,0.000965403
0.00197937,0.000969869
0.00198394,0.000974356
0.00198851,0.000978863
0.00199309,0.000983392
0.00199769,0.000987941
0.0020023,0.00099251
0.00200691,0.000997101
0.00201154,0.00100171
0.00201618,0.00100635
0.00202083,0.001011
0.00202549,0.00101568
0.00203016,0.00102037
0.00203484,0.00102509
0.00203953,0.00102983
0.00204423,0.0010346
0.00204895,0.00103938
0.00205367,0.00104419
0.0020584,0.00104902
0.00206315,0.00105387
0.00206791,0.00105874
0.00207268,0.00106364
0.00207745,0.00106856
0.00208224,0.0010735
0.00208705,0.00107846
0.00209186,0.00108345
0.00209668,0.00108845
0.00210152,0.00109349
0.00210636,0.00109854
0.00211122,0.00110362
0.00211609,0.00110872
0.00212096,0.00111385
0.00212585,0.001119
0.00213076,0.00112417
0.00213567,0.00112937
0.00214059,0.00113459
0.00214553,0.00113983
0.00215048,0.0011451
0.00215543,0.00115039
0.0021604,0.00115571
0.00216539,0.00116105
0.00217038,0.00116642
0.00217538,0.00117181
0.0021804,0.00117722
0.00218543,0.00118266
0.00219046,0.00118813
0.00219551,0.00119362
0.00220058,0.00119914
0.00220565,0.00120468
0.00221074,0.00121024
0.00221583,0.00121584
0.00222094,0.00122145
0.00222606,0.0012271
0.0022312,0.00123277
0.00223634,0.00123846
0.0022415,0.00124418
0.00224667,0.00124993
0.00225185,0.00125571
0.00225704,0.00126151
0.00226224,0.00126734
0.00226746,0.00127319
0.00227269,0.00127907
0.00227793,0.00128498
0.00228318,0.00129092
0.00228844,0.00129688
0.00229372,0.00130287
0.00229901,0.00130889
0.00230431,0.00131493
0.00230962,0.001321
0.00231495,0.00132711
0.00232028,0.00133323
0.00232563,0.00133939
0.002331,0.00134558
0.00233637,0.00135179
0.00234176,0.00135803
0.00234716,0.0013643
0.00235257,0.0013706
0.00235799,0.00137693
0.00236343,0.00138329
0.00236888,0.00138968
0.00237434,0.00139609
0.00237982,0.00140254
0.0023853,0.00140901
0.0023908,0.00141552
0.00239632,0.00142205
0.00240184,0.00142862
0.00240738,0.00143521
0.00241293,0.00144184
0.00241849,0.0014485
0.00242407,0.00145518
0.00242966,0.0014619
0.00243526,0.00146865
0.00244088,0.00147543
0.0024465,0.00148224
0.00245214,0.00148908
0.0024578,0.00149595
0.00246346,0.00150285
0.00246914,0.00150979
0.00247484,0.00151676
0.00248054,0.00152376
0.00248626,0.00153079
0.002492,0.00153785
0.00249774,0.00154495
0.0025035,0.00155208
0.00250927,0.00155924
0.00251506,0.00156643
0.00252086,0.00157366
0.00252667,0.00158092
0.0025325,0.00158821
0.00253834,0.00159554
0.00254419,0.0016029
0.00255005,0.0016103
0.00255593,0.00161772
0.00256183,0.00162519
0.00256773,0.00163268
0.00257365,0.00164021
0.00257959,0.00164778
0.00258554,0.00165538
0.0025915,0.00166302
0.00259747,0.00167069
0.00260346,0.00167839
0.00260946,0.00168613
0.00261548,0.00169391
0.00262151,0.00170172
0.00262756,0.00170957
0.00263361,0.00171745
0.00263969,0.00172537
0.00264577,0.00173333
0.00265187,0.00174132
0.00265799,0.00174935
0.00266412,0.00175741
0.00267026,0.00176552
0.00267642,0.00177366
0.00268259,0.00178184
0.00268877,0.00179005
0.00269497,0.0017983
0.00270119,0.00180659
0.00270741,0.00181492
0.00271366,0.00182329
0.00271991,0.00183169
0.00272618,0.00184014
0.00273247,0.00184862
0.00273877,0.00185714
0.00274508,0.0018657
0.00275141,0.0018743
0.00275776,0.00188293
0.00276412,0.00189161
0.00277049,0.00190033
0.00277688,0.00190909
0.00278328,0.00191789
0.0027897,0.00192672
0.00279613,0.0019356
0.00280258,0.00194452
0.00280904,0.00195348
0.00281552,0.00196248
0.00282201,0.00197152
0.00282851,0.00198061
0.00283504,0.00198973
0.00284157,0.0019989
0.00284812,0.00200811
0.00285469,0.00201736
0.00286127,0.00202665
0.00286787,0.00203599
0.00287448,0.00204537
0.00288111,0.00205479
0.00288775,0.00206425
0.00289441,0.00207376
0.00290109,0.00208331
0.00290777,0.00209291
0.00291448,0.00210255
0.0029212,0.00211223
0.00292793,0.00212196
0.00293469,0.00213173
0.00294145,0.00214155
0.00294823,0.00215141
0.00295503,0.00216132
0.00296185,0.00217127
0.00296867,0.00218127
0.00297552,0.00219131
0.00298238,0.0022014
0.00298926,0.00221153
0.00299615,0.00222172
0.00300306,0.00223194
0.00300998,0.00224222
0.00301692,0.00225254
0.00302388,0.00226291
0.00303085,0.00227333
0.00303784,0.00228379
0.00304484,0.0022943
0.00305186,0.00230486
0.0030589,0.00231547
0.00306595,0.00232613
0.00307302,0.00233684
0.00308011,0.00234759
0.00308721,0.00235839
0.00309433,0.00236925
0.00310146,0.00238015
0.00310861,0.0023911
0.00311578,0.00240211
0.00312296,0.00241316
0.00313016,0.00242426
0.00313738,0.00243542
0.00314462,0.00244662
0.00315187,0.00245788
0.00315913,0.00246919
0.00316642,0.00248055
0.00317372,0.00249196
0.00318104,0.00250342
0.00318837,0.00251494
0.00319572,0.00252651
0.00320309,0.00253813
0.00321048,0.0025498
0.00321788,0.00256153
0.0032253,0.00257331
0.00323273,0.00258515
0.00324019,0.00259704
0.00324766,0.00260898
0.00325515,0.00262098
0.00326265,0.00263303
0.00327017,0.00264514
0.00327771,0.0026573
0.00328527,0.00266952
0.00329285,0.0026818
0.00330044,0.00269413
0.00330805,0.00270651
0.00331568,0.00271896
0.00332332,0.00273146
0.00333098,0.00274402
0.00333866,0.00275663
0.00334636,0.0027693
0.00335408,0.00278203
0.00336181,0.00279482
0.00336956,0.00280767
0.00337733,0.00282057
0.00338512,0.00283354
0.00339292,0.00284656
0.00340075,0.00285964
0.00340859,0.00287279
0.00341645,0.00288599
0.00342432,0.00289925
0.00343222,0.00291258
0.00344013,0.00292596
0.00344807,0.0029394
0.00345602,0.00295291
0.00346398,0.00296648
0.00347197,0.00298011
0.00347998,0.0029938
0.003488,0.00300756
0.00349604,0.00302137
0.0035041,0.00303525
0.00351218,0.0030492
0.00352028,0.0030632
0.0035284,0.00307727
0.00353653,0.00309141
0.00354469,0.00310561
0.00355286,0.00311987
0.00356105,0.0031342
0.00356926,0.0031486
0.00357749,0.00316306
0.00358574,0.00317759
0.00359401,0.00319218
0.0036023,0.00320684
0.0036106,0.00322156
0.00361893,0.00323636
0.00362727,0.00325122
0.00363563,0.00326614
0.00364402,0.00328114
0.00365242,0.00329621
0.00366084,0.00331134
0.00366928,0.00332654
0.00367774,0.00334181
0.00368622,0.00335715
0.00369472,0.00337256
0.00370324,0.00338805
0.00371178,0.0034036
0.00372034,0.00341922
0.00372891,0.00343491
0.00373751,0.00345068
0.00374613,0.00346652
0.00375477,0.00348242
0.00376342,0.00349841
0.0037721,0.00351446
0.0037808,0.00353059
0.00378952,0.00354679
0.00379825,0.00356306
0.00380701,0.00357941
0.00381579,0.00359584
0.00382459,0.00361233
0.00383341,0.00362891
0.00384224,0.00364555
0.0038511,0.00366228
0.00385998,0.00367908
0.00386888,0.00369596
0.0038778,0.00371291
0.00388674,0.00372994
0.00389571,0.00374705
0.00390469,0.00376424
0.00391369,0.0037815
0.00392272,0.00379884
0.00393176,0.00381627
0.00394083,0.00383377
0.00394991,0.00385135
0.00395902,0.00386901
0.00396815,0.00388675
0.0039773,0.00390457
0.00398647,0.00392248
0.00399566,0.00394046
0.00400487,0.00395853
0.00401411,0.00397667
0.00402336,0.00399491
0.00403264,0.00401322
0.00404194,0.00403162
0.00405125,0.0040501
0.0040606,0.00406866
0.00406996,0.00408731
0.00407934,0.00410605
0.00408875,0.00412487
0.00409818,0.00414377
0.00410762,0.00416276
0.0041171,0.00418184
0.00412659,0.004201
0.0041361,0.00422025
0.00414564,0.00423959
0.0041552,0.00425902
0.00416478,0.00427853
0.00417438,0.00429814
0.00418401,0.00431783
0.00419365,0.00433761
0.00420332,0.00435748
0.00421301,0.00437744
0.00422273,0.0043975
0.00423247,0.00441764
0.00424222,0.00443788
0.00425201,0.0044582
0.00426181,0.00447862
0.00427164,0.00449914
0.00428148,0.00451974
0.00429136,0.00454044
0.00430125,0.00456123
0.00431117,0.00458212
0.00432111,0.00460311
0.00433107,0.00462418
0.00434106,0.00464536
0.00435107,0.00466663
0.0043611,0.00468799
0.00437115,0.00470946
0.00438123,0.00473102
0.00439134,0.00475268
0.00440146,0.00477443
0.00441161,0.00479629
0.00442178,0.00481824
0.00443198,0.0048403
0.00444219,0.00486245
0.00445244,0.00488471
0.0044627,0.00490706
0.00447299,0.00492952
0.00448331,0.00495208
0.00449364,0.00497474
0.004504,0.00499751
0.00451439,0.00502038
0.0045248,0.00504335
0.00453523,0.00506642
0.00454569,0.0050896
0.00455617,0.00511289
0.00456667,0.00513628
0.0045772,0.00515978
0.00458776,0.00518338
0.00459833,0.00520709
0.00460894,0.00523091
0.00461956,0.00525484
0.00463022,0.00527887
0.00464089,0.00530302
0.00465159,0.00532727
0.00466232,0.00535164
0.00467307,0.00537611
0.00468384,0.0054007
0.00469464,0.00542539
0.00470547,0.0054502
0.00471631,0.00547512
0.00472719,0.00550015
0.00473809,0.0055253
0.00474901,0.00555056
0.00475996,0.00557594
0.00477094,0.00560143
0.00478194,0.00562704
0.00479296,0.00565276
0.00480402,0.0056786
0.00481509,0.00570455
0.00482619,0.00573063
0.00483732,0.00575682
0.00484848,0.00578313
0.00485965,0.00580956
0.00487086,0.0058361
0.00488209,0.00586277
0.00489335,0.00588956
0.00490463,0.00591648
0.00491594,0.00594351
0.00492727,0.00597066
0.00493863,0.00599794
0.00495002,0.00602534
0.00496143,0.00605287
0.00497287,0.00608052
0.00498434,0.0061083
0.00499583,0.0061362
0.00500735,0.00616423
0.0050189,0.00619238
0.00503047,0.00622066
0.00504207,0.00624907
0.00505369,0.00627761
0.00506534,0.00630628
0.00507702,0.00633508
0.00508873,0.006364
0.00510046,0.00639306
0.00511222,0.00642225
0.00512401,0.00645157
0.00513582,0.00648103
0.00514767,0.00651062
0.00515954,0.00654034
0.00517143,0.00657019
0.00518336,0.00660019
0.00519531,0.00663031
0.00520729,0.00666058
0.00521929,0.00669098
0.00523133,0.00672151
0.00524339,0.00675219
0.00525548,0.006783
0.0052676,0.00681396
0.00527974,0.00684505
0.00529191,0.00687628
0.00530412,0.00690766
0.00531635,0.00693917
0.0053286,0.00697083
0.00534089,0.00700264
0.0053532,0.00703458
0.00536555,0.00706667
0.00537792,0.00709891
0.00539032,0.00713129
0.00540275,0.00716381
0.0054152,0.00719649
0.00542769,0.00722931
0.0054402,0.00726228
0.00545275,0.0072954
0.00546532,0.00732867
0.00547792,0.00736209
0.00549055,0.00739566
0.00550321,0.00742938
0.0055159,0.00746325
0.00552862,0.00749728
0.00554137,0.00753146
0.00555414,0.00756579
0.00556695,0.00760028
0.00557978,0.00763492
0.00559265,0.00766973
0.00560554,0.00770468
0.00561847,0.0077398
0.00563142,0.00777507
0.00564441,0.00781051
0.00565742,0.0078461
0.00567047,0.00788186
0.00568354,0.00791777
0.00569665,0.00795385
0.00570978,0.00799009
0.00572295,0.00802649
0.00573614,0.00806306
0.00574937,0.00809979
0.00576262,0.00813669
0.00577591,0.00817376
0.00578923,0.00821099
0.00580258,0.00824839
0.00581595,0.00828596
0.00582936,0.0083237
0.0058428,0.0083616
0.00585628,0.00839968
0.00586978,0.00843793
0.00588331,0.00847636
0.00589688,0.00851495
0.00591047,0.00855372
0.0059241,0.00859267
0.00593776,0.00863179
0.00595145,0.00867108
0.00596517,0.00871056
0.00597893,0.00875021
0.00599271,0.00879004
0.00600653,0.00883005
0.00602038,0.00887024
0.00603426,0.00891061
0.00604818,0.00895116
0.00606212,0.0089919
0.0060761,0.00903282
0.00609011,0.00907392
0.00610415,0.00911521
0.00611822,0.00915668
0.00613233,0.00919834
0.00614647,0.00924019
0.00616064,0.00928223
0.00617485,0.00932445
0.00618908,0.00936687
0.00620335,0.00940948
0.00621766,0.00945227
0.00623199,0.00949527
0.00624636,0.00953845
0.00626076,0.00958183
0.0062752,0.0096254
0.00628967,0.00966917
0.00630417,0.00971314
0.00631871,0.00975731
0.00633328,0.00980167
0.00634788,0.00984623
0.00636251,0.009891
0.00637718,0.00993596
0.00639189,0.00998113
0.00640663,0.0100265
0.0064214,0.0100721
0.0064362,0.0101179
0.00645104,0.0101638
0.00646592,0.01021
0.00648083,0.0102564
0.00649577,0.010303
0.00651075,0.0103499
0.00652576,0.0103969
0.0065408,0.0104441
0.00655589,0.0104916
0.006571,0.0105392
0.00658615,0.0105871
0.00660134,0.0106352
0.00661656,0.0106835
0.00663181,0.010732
0.00664711,0.0107808
0.00666243,0.0108298
0.00667779,0.0108789
0.00669319,0.0109283
0.00670862,0.010978
0.00672409,0.0110278
0.00673959,0.0110779
0.00675513,0.0111282
0.00677071,0.0111787
0.00678632,0.0112295
0.00680197,0.0112804
0.00681765,0.0113316
0.00683337,0.0113831
0.00684913,0.0114348
0.00686492,0.0114867
0.00688075,0.0115388
0.00689661,0.0115912
0.00691251,0.0116438
0.00692845,0.0116966
0.00694443,0.0117497
0.00696044,0.011803
0.00697649,0.0118565
0.00699257,0.0119103
0.0070087,0.0119644
0.00702486,0.0120186
0.00704105,0.0120731
0.00705729,0.0121279
0.00707356,0.0121829
0.00708987,0.0122382
0.00710622,0.0122937
0.0071226,0.0123494
0.00713902,0.0124054
0.00715548,0.0124617
0.00717198,0.0125182
0.00718852,0.0125749
0.00720509,0.012632
0.00722171,0.0126892
0.00723836,0.0127468
0.00725505,0.0128045
0.00727177,0.0128626
0.00728854,0.0129209
0.00730535,0.0129794
0.00732219,0.0130383
0.00733907,0.0130974
0.00735599,0.0131567
0.00737296,0.0132163
0.00738995,0.0132762
0.00740699,0.0133364
0.00742407,0.0133968
0.00744119,0.0134575
0.00745835,0.0135184
0.00747554,0.0135797
0.00749278,0.0136412
0.00751006,0.013703
0.00752737,0.013765
0.00754473,0.0138274
0.00756212,0.01389
0.00757956,0.0139529
0.00759704,0.0140161
0.00761455,0.0140795
0.00763211,0.0141433
0.00764971,0.0142073
0.00766734,0.0142716
0.00768502,0.0143362
0.00770274,0.0144011
0.0077205,0.0144663
0.0077383,0.0145318
0.00775615,0.0145976
0.00777403,0.0146636
0.00779195,0.01473
0.00780992,0.0147967
0.00782793,0.0148636
0.00784598,0.0149309
0.00786407,0.0149984
0.0078822,0.0150663
0.00790037,0.0151344
0.00791859,0.0152029
0.00793685,0.0152717
0.00795515,0.0153407
0.00797349,0.0154101
0.00799187,0.0154798
0.0080103,0.0155498
0.00802877,0.0156201
0.00804728,0.0156908
0.00806584,0.0157617
0.00808443,0.015833
0.00810307,0.0159046
0.00812176,0.0159765
0.00814048,0.0160487
0.00815925,0.0161212
0.00817807,0.0161941
0.00819692,0.0162673
0.00821582,0.0163408
0.00823476,0.0164147
0.00825375,0.0164888
0.00827278,0.0165633
0.00829186,0.0166382
0.00831098,0.0167134
0.00833014,0.0167889
0.00834934,0.0168647
0.0083686,0.0169409
0.00838789,0.0170174
0.00840723,0.0170943
0.00842662,0.0171715
0.00844604,0.017249
0.00846552,0.0173269
0.00848504,0.0174052
0.0085046,0.0174838
0.00852421,0.0175627
0.00854387,0.017642
0.00856356,0.0177217
0.00858331,0.0178017
0.0086031,0.017882
0.00862294,0.0179627
0.00864282,0.0180438
0.00866275,0.0181253
0.00868272,0.0182071
0.00870274,0.0182892
0.00872281,0.0183718
0.00874292,0.0184547
0.00876308,0.0185379
0.00878328,0.0186216
0.00880353,0.0187056
0.00882383,0.0187899
0.00884418,0.0188747
0.00886457,0.0189598
0.00888501,0.0190454
0.00890549,0.0191313
0.00892603,0.0192175
0.00894661,0.0193042
0.00896724,0.0193912
0.00898791,0.0194787
0.00900864,0.0195665
0.00902941,0.0196547
0.00905023,0.0197433
0.00907109,0.0198323
0.00909201,0.0199217
0.00911297,0.0200115
0.00913398,0.0201017
0.00915504,0.0201923
0.00917615,0.0202833
0.00919731,0.0203747
0.00921852,0.0204665
0.00923977,0.0205587
0.00926107,0.0206513
0.00928243,0.0207444
0.00930383,0.0208378
0.00932528,0.0209317
0.00934678,0.0210259
0.00936833,0.0211206
0.00938994,0.0212158
0.00941159,0.0213113
0.00943329,0.0214073
0.00945504,0.0215036
0.00947684,0.0216005
0.00949869,0.0216977
0.00952059,0.0217954
0.00954254,0.0218935
0.00956454,0.0219921
0.0095866,0.022091
0.0096087,0.0221905
0.00963085,0.0222903
0.00965306,0.0223906
0.00967532,0.0224914
0.00969763,0.0225926
0.00971998,0.0226942
0.0097424,0.0227963
0.00976486,0.0228989
0.00978737,0.0230019
0.00980994,0.0231054
0.00983256,0.0232093
0.00985523,0.0233137
0.00987795,0.0234185
0.00990073,0.0235238
0.00992356,0.0236296
0.00994644,0.0237358
0.00996937,0.0238425
0.00999236,0.0239497
0.0100154,0.0240574
0.0100385,0.0241655
0.0100616,0.0242741
0.0100848,0.0243832
0.0101081,0.0244928
0.0101314,0.0246029
0.0101548,0.0247134
0.0101782,0.0248245
0.0102016,0.024936
0.0102252,0.025048
0.0102487,0.0251606
0.0102724,0.0252736
0.010296,0.0253871
0.0103198,0.0255011
0.0103436,0.0256157
0.0103674,0.0257307
0.0103913,0.0258462
0.0104153,0.0259623
0.0104393,0.0260788
0.0104634,0.0261959
0.0104875,0.0263135
0.0105117,0.0264316
0.0105359,0.0265503
0.0105602,0.0266695
0.0105846,0.0267891
0.010609,0.0269094
0.0106334,0.0270301
0.0106579,0.0271514
0.0106825,0.0272732
0.0107072,0.0273956
0.0107318,0.0275185
0.0107566,0.0276419
0.0107814,0.0277659
0.0108062,0.0278904
0.0108312,0.0280155
0.0108561,0.0281411
0.0108812,0.0282673
0.0109063,0.0283941
0.0109314,0.0285214
0.0109566,0.0286493
0.0109819,0.0287777
0.0110072,0.0289067
0.0110326,0.0290363
0.011058,0.0291664
0.0110835,0.0292971
0.0111091,0.0294284
0.0111347,0.0295603
0.0111603,0.0296927
0.0111861,0.0298257
0.0112119,0.0299594
0.0112377,0.0300936
0.0112636,0.0302284
0.0112896,0.0303638
0.0113156,0.0304997
0.0113417,0.0306363
0.0113679,0.0307735
0.0113941,0.0309113
0.0114204,0.0310497
0.0114467,0.0311887
0.0114731,0.0313283
0.0114995,0.0314686
0.011526,0.0316094
0.0115526,0.0317509
0.0115793,0.031893
0.011606,0.0320357
0.0116327,0.0321791
0.0116595,0.0323231
0.0116864,0.0324677
0.0117134,0.0326129
0.0117404,0.0327588
0.0117674,0.0329053
0.0117946,0.0330525
0.0118218,0.0332003
0.011849,0.0333488
0.0118764,0.0334979
0.0119037,0.0336477
0.0119312,0.0337981
0.0119587,0.0339492
0.0119863,0.034101
0.0120139,0.0342534
0.0120416,0.0344065
0.0120694,0.0345603
0.0120972,0.0347148
0.0121251,0.0348699
0.012153,0.0350257
0.0121811,0.0351822
0.0122091,0.0353394
0.0122373,0.0354972
0.0122655,0.0356558
0.0122938,0.035815
0.0123221,0.035975
0.0123506,0.0361356
0.012379,0.036297
0.0124076,0.0364591
0.0124362,0.0366219
0.0124649,0.0367854
0.0124936,0.0369496
0.0125224,0.0371145
0.0125513,0.0372801
0.0125802,0.0374465
0.0126092,0.0376136
0.0126383,0.0377815
0.0126674,0.0379501
0.0126966,0.0381194
0.0127259,0.0382894
0.0127553,0.0384602
0.0127847,0.0386318
0.0128141,0.0388041
0.0128437,0.0389771
0.0128733,0.039151
0.012903,0.0393255
0.0129327,0.0395009
0.0129626,0.039677
0.0129924,0.0398539
0.0130224,0.0400315
0.0130524,0.0402099
0.0130825,0.0403892
0.0131127,0.0405691
0.0131429,0.0407499
0.0131732,0.0409315
0.0132036,0.0411139
0.013234,0.041297
0.0132646,0.041481
0.0132951,0.0416658
0.0133258,0.0418513
0.0133565,0.0420377
0.0133873,0.0422249
0.0134182,0.042413
0.0134491,0.0426018
0.0134801,0.0427915
0.0135112,0.042982
0.0135424,0.0431733
0.0135736,0.0433654
0.0136049,0.0435584
0.0136363,0.0437523
0.0136677,0.043947
0.0136992,0.0441425
0.0137308,0.0443389
0.0137625,0.0445362
0.0137942,0.0447343
0.013826,0.0449332
0.0138579,0.0451331
0.0138898,0.0453338
0.0139218,0.0455354
0.0139539,0.0457379
0.0139861,0.0459412
0.0140184,0.0461455
0.0140507,0.0463506
0.0140831,0.0465566
0.0141156,0.0467635
0.0141481,0.0469714
0.0141807,0.0471801
0.0142134,0.0473897
0.0142462,0.0476003
0.014279,0.0478117
0.014312,0.0480241
0.014345,0.0482374
0.014378,0.0484517
0.0144112,0.0486669
0.0144444,0.048883
0.0144777,0.0491
0.0145111,0.049318
0.0145446,0.049537
0.0145781,0.0497568
0.0146117,0.0499777
0.0146454,0.0501995
0.0146792,0.0504223
0.014713,0.050646
0.0147469,0.0508708
0.0147809,0.0510965
0.014815,0.0513231
0.0148492,0.0515508
0.0148834,0.0517794
0.0149177,0.0520091
0.0149521,0.0522397
0.0149866,0.0524714
0.0150212,0.052704
0.0150558,0.0529377
0.0150905,0.0531724
0.0151253,0.0534081
0.0151602,0.0536448
0.0151951,0.0538825
0.0152302,0.0541213
0.0152653,0.0543611
0.0153005,0.0546019
0.0153358,0.0548438
0.0153711,0.0550868
0.0154066,0.0553308
0.0154421,0.0555758
0.0154777,0.055822
0.0155134,0.0560692
0.0155491,0.0563174
0.015585,0.0565667
0.0156209,0.0568172
0.0156569,0.0570687
0.015693,0.0573212
0.0157292,0.0575749
0.0157655,0.0578297
0.0158018,0.0580856
0.0158383,0.0583426
0.0158748,0.0586007
0.0159114,0.0588599
0.0159481,0.0591203
0.0159849,0.0593817
0.0160217,0.0596443
0.0160587,0.0599081
0.0160957,0.0601729
0.0161328,0.060439
0.01617,0.0607061
0.0162073,0.0609745
0.0162446,0.061244
0.0162821,0.0615146
0.0163196,0.0617864
0.0163573,0.0620594
0.016395,0.0623336
0.0164328,0.062609
0.0164707,0.0628855
0.0165087,0.0631633
0.0165467,0.0634422
0.0165849,0.0637224
0.0166231,0.0640037
0.0166614,0.0642863
0.0166999,0.0645701
0.0167384,0.0648551
0.0167769,0.0651413
0.0168156,0.0654288
0.0168544,0.0657176
0.0168933,0.0660075
0.0169322,0.0662987
0.0169713,0.0665912
0.0170104,0.0668849
0.0170496,0.0671799
0.0170889,0.0674762
0.0171283,0.0677738
0.0171678,0.0680726
0.0172074,0.0683727
0.0172471,0.0686741
0.0172868,0.0689768
0.0173267,0.0692808
0.0173666,0.0695861
0.0174067,0.0698928
0.0174468,0.0702007
0.0174871,0.07051
0.0175274,0.0708206
0.0175678,0.0711325
0.0176083,0.0714458
0.0176489,0.0717605
0.0176896,0.0720764
0.0177304,0.0723938
0.0177713,0.0727125
0.0178122,0.0730326
0.0178533,0.073354
0.0178945,0.0736769
0.0179357,0.0740011
0.0179771,0.0743267
0.0180185,0.0746537
0.0180601,0.0749821
0.0181017,0.0753119
0.0181434,0.0756432
0.0181853,0.0759758
0.0182272,0.0763099
0.0182692,0.0766454
0.0183114,0.0769824
0.0183536,0.0773208
0.0183959,0.0776607
0.0184383,0.078002
0.0184808,0.0783448
0.0185234,0.078689
0.0185661,0.0790347
0.018609,0.0793819
0.0186519,0.0797306
0.0186949,0.0800808
0.018738,0.0804325
0.0187812,0.0807857
0.0188245,0.0811404
0.0188679,0.0814966
0.0189114,0.0818544
0.018955,0.0822136
0.0189987,0.0825745
0.0190425,0.0829368
0.0190864,0.0833007
0.0191304,0.0836662
0.0191745,0.0840332
0.0192187,0.0844018
0.019263,0.084772
0.0193075,0.0851437
0.019352,0.0855171
0.0193966,0.085892
0.0194413,0.0862686
0.0194861,0.0866467
0.0195311,0.0870265
0.0195761,0.0874078
0.0196212,0.0877909
0.0196665,0.0881755
0.0197118,0.0885618
0.0197573,0.0889497
0.0198028,0.0893393
0.0198485,0.0897306
0.0198943,0.0901235
0.0199401,0.0905181
0.0199861,0.0909144
0.0200322,0.0913123
0.0200784,0.091712
0.0201247,0.0921134
0.0201711,0.0925164
0.0202176,0.0929212
0.0202642,0.0933278
0.0203109,0.093736
0.0203578,0.094146
0.0204047,0.0945577
0.0204517,0.0949712
0.0204989,0.0953865
0.0205462,0.0958035
0.0205935,0.0962222
0.020641,0.0966428
0.0206886,0.0970652
0.0207363,0.0974893
0.0207841,0.0979153
0.020832,0.098343
0.0208801,0.0987726
0.0209282,0.099204
0.0209765,0.0996372
0.0210248,0.100072
0.0210733,0.100509
0.0211219,0.100948
0.0211706,0.101389
0.0212194,0.101831
0.0212683,0.102276
0.0213174,0.102722
0.0213665,0.10317
0.0214158,0.10362
0.0214652,0.104072
0.0215147,0.104526
0.0215643,0.104982
0.021614,0.10544
0.0216638,0.105899
0.0217138,0.106361
0.0217638,0.106824
0.021814,0.10729
0.0218643,0.107757
0.0219147,0.108227
0.0219653,0.108698
0.0220159,0.109172
0.0220667,0.109647
0.0221175,0.110125
0.0221685,0.110604
0.0222197,0.111086
0.0222709,0.11157
0.0223222,0.112055
0.0223737,0.112543
0.0224253,0.113033
0.022477,0.113524
0.0225288,0.114018
0.0225808,0.114514
0.0226328,0.115012
0.022685,0.115513
0.0227373,0.116015
0.0227898,0.116519
0.0228423,0.117026
0.022895,0.117534
0.0229478,0.118045
0.0230007,0.118558
0.0230537,0.119073
0.0231069,0.119591
0.0231601,0.12011
0.0232135,0.120632
0.0232671,0.121156
0.0233207,0.121682
0.0233745,0.12221
0.0234284,0.12274
0.0234824,0.123273
0.0235365,0.123808
0.0235908,0.124345
0.0236452,0.124885
0.0236997,0.125427
0.0237544,0.125971
0.0238091,0.126517
0.023864,0.127066
0.023919,0.127616
0.0239742,0.12817
0.0240295,0.128725
0.0240849,0.129283
0.0241404,0.129843
0.0241961,0.130406
0.0242519,0.130971
0.0243078,0.131538
0.0243638,0.132108
0.02442,0.13268
0.0244763,0.133255
0.0245327,0.133831
0.0245893,0.134411
0.024646,0.134993
0.0247028,0.135577
0.0247598,0.136163
0.0248169,0.136752
0.0248741,0.137344
0.0249314,0.137938
0.0249889,0.138535
0.0250465,0.139134
0.0251043,0.139735
0.0251622,0.140339
0.0252202,0.140946
0.0252783,0.141555
0.0253366,0.142166
0.025395,0.142781
0.0254536,0.143397
0.0255123,0.144017
0.0255711,0.144639
0.0256301,0.145263
0.0256892,0.14589
0.0257484,0.14652
0.0258078,0.147152
0.0258673,0.147787
0.0259269,0.148425
0.0259867,0.149065
0.0260466,0.149708
0.0261067,0.150354
0.0261669,0.151002
0.0262272,0.151654
0.0262877,0.152307
0.0263483,0.152964
0.026409,0.153623
0.0264699,0.154285
0.026531,0.15495
0.0265921,0.155617
0.0266534,0.156288
0.0267149,0.156961
0.0267765,0.157636
0.0268382,0.158315
0.0269001,0.158997
0.0269621,0.159681
0.0270243,0.160368
0.0270866,0.161058
0.0271491,0.161751
0.0272117,0.162447
0.0272744,0.163146
0.0273373,0.163847
0.0274003,0.164552
0.0274635,0.165259
0.0275268,0.165969
0.0275903,0.166683
0.0276539,0.167399
0.0277177,0.168118
0.0277816,0.16884
0.0278456,0.169565
0.0279098,0.170293
0.0279742,0.171025
0.0280387,0.171759
0.0281033,0.172496
0.0281681,0.173236
0.0282331,0.17398
0.0282982,0.174726
0.0283634,0.175476
0.0284288,0.176228
0.0284944,0.176984
0.0285601,0.177743
0.0286259,0.178505
0.0286919,0.17927
0.0287581,0.180038
0.0288244,0.18081
0.0288908,0.181584
0.0289575,0.182362
0.0290242,0.183143
0.0290911,0.183928
0.0291582,0.184715
0.0292255,0.185506
0.0292928,0.1863
0.0293604,0.187097
0.0294281,0.187898
0.0294959,0.188702
0.0295639,0.189509
0.0296321,0.190319
0.0297004,0.191133
0.0297689,0.19195
0.0298375,0.192771
0.0299063,0.193595
0.0299753,0.194422
0.0300444,0.195253
0.0301137,0.196087
0.0301831,0.196924
0.0302527,0.197765
0.0303225,0.19861
0.0303924,0.199458
0.0304624,0.200309
0.0305327,0.201164
0.0306031,0.202022
0.0306736,0.202884
0.0307444,0.20375
0.0308153,0.204619
0.0308863,0.205491
0.0309575,0.206367
0.0310289,0.207247
0.0311004,0.20813
0.0311722,0.209017
0.031244,0.209908
0.0313161,0.210802
0.0313883,0.2117
0.0314606,0.212601
0.0315332,0.213506
0.0316059,0.214415
0.0316788,0.215328
0.0317518,0.216244
0.031825,0.217164
0.0318984,0.218088
0.0319719,0.219016
0.0320457,0.219947
0.0321195,0.220882
0.0321936,0.221821
0.0322678,0.222764
0.0323422,0.223711
0.0324168,0.224661
0.0324915,0.225615
0.0325665,0.226574
0.0326416,0.227536
0.0327168,0.228502
0.0327922,0.229472
0.0328679,0.230446
0.0329436,0.231424
0.0330196,0.232406
0.0330957,0.233392
0.033172,0.234382
0.0332485,0.235375
0.0333252,0.236373
0.033402,0.237375
0.033479,0.238381
0.0335562,0.239392
0.0336336,0.240406
0.0337112,0.241424
0.0337889,0.242447
0.0338668,0.243473
0.0339449,0.244504
0.0340231,0.245539
0.0341016,0.246578
0.0341802,0.247622
0.034259,0.248669
0.034338,0.249721
0.0344172,0.250777
0.0344965,0.251837
0.0345761,0.252902
0.0346558,0.253971
0.0347357,0.255044
0.0348158,0.256122
0.0348961,0.257204
0.0349765,0.25829
0.0350572,0.259381
0.035138,0.260476
0.035219,0.261575
0.0353002,0.262679
0.0353816,0.263788
0.0354632,0.264901
0.035545,0.266018
0.0356269,0.26714
0.0357091,0.268266
0.0357914,0.269397
0.0358739,0.270532
0.0359566,0.271672
0.0360396,0.272817
0.0361227,0.273966
0.0362059,0.27512
0.0362894,0.276278
0.0363731,0.277441
0.036457,0.278609
0.036541,0.279782
0.0366253,0.280959
0.0367097,0.282141
0.0367944,0.283327
0.0368792,0.284519
0.0369642,0.285715
0.0370495,0.286916
0.0371349,0.288121
0.0372205,0.289332
0.0373063,0.290547
0.0373923,0.291768
0.0374786,0.292993
0.037565,0.294223
0.0376516,0.295458
0.0377384,0.296698
0.0378254,0.297943
0.0379126,0.299193
0.038,0.300447
0.0380877,0.301707
0.0381755,0.302972
0.0382635,0.304242
0.0383517,0.305517
0.0384401,0.306797
0.0385288,0.308082
0.0386176,0.309372
0.0387067,0.310668
0.0387959,0.311968
0.0388854,0.313274
0.038975,0.314585
0.0390649,0.315901
0.0391549,0.317222
0.0392452,0.318549
0.0393357,0.319881
0.0394264,0.321218
0.0395173,0.322561
0.0396084,0.323908
0.0396998,0.325262
0.0397913,0.32662
0.039883,0.327984
0.039975,0.329353
0.0400672,0.330728
0.0401595,0.332108
0.0402521,0.333494
0.040345,0.334885
0.040438,0.336282
0.0405312,0.337684
0.0406247,0.339092
0.0407183,0.340505
0.0408122,0.341924
0.0409063,0.343348
0.0410006,0.344778
0.0410952,0.346214
0.0411899,0.347655
0.0412849,0.349103
0.0413801,0.350555
0.0414755,0.352014
0.0415711,0.353478
0.041667,0.354948
0.0417631,0.356424
0.0418593,0.357906
0.0419559,0.359393
0.0420526,0.360886
0.0421496,0.362386
0.0422467,0.363891
0.0423441,0.365402
0.0424418,0.366919
0.0425396,0.368442
0.0426377,0.36997
0.042736,0.371505
0.0428346,0.373046
0.0429333,0.374593
0.0430323,0.376146
0.0431315,0.377705
0.043231,0.37927
0.0433307,0.380842
0.0434306,0.382419
0.0435307,0.384003
0.0436311,0.385593
0.0437317,0.387189
0.0438325,0.388791
0.0439336,0.390399
0.0440349,0.392014
0.0441364,0.393635
0.0442382,0.395263
0.0443402,0.396897
0.0444424,0.398537
0.0445449,0.400183
0.0446476,0.401836
0.0447505,0.403496
0.0448537,0.405162
0.0449571,0.406834
0.0450608,0.408513
0.0451647,0.410198
0.0452688,0.41189
0.0453732,0.413589
0.0454778,0.415294
0.0455827,0.417006
0.0456878,0.418724
0.0457931,0.420449
0.0458987,0.422181
0.0460045,0.423919
0.0461106,0.425664
0.0462169,0.427416
0.0463235,0.429175
0.0464303,0.430941
0.0465373,0.432713
0.0466446,0.434492
0.0467522,0.436278
0.04686,0.438071
0.046968,0.439871
0.0470763,0.441678
0.0471849,0.443492
0.0472937,0.445313
0.0474027,0.447141
0.047512,0.448976
0.0476216,0.450818
0.0477314,0.452667
0.0478414,0.454523
0.0479517,0.456387
0.0480623,0.458257
0.0481731,0.460135
0.0482842,0.46202
0.0483955,0.463912
0.0485071,0.465812
0.0486189,0.467718
0.048731,0.469633
0.0488434,0.471554
0.048956,0.473483
0.0490689,0.475419
0.049182,0.477363
0.0492954,0.479314
0.0494091,0.481272
0.049523,0.483238
0.0496372,0.485212
0.0497516,0.487193
0.0498664,0.489182
0.0499813,0.491178
0.0500966,0.493182
0.0502121,0.495194
0.0503279,0.497213
0.0504439,0.49924
0.0505602,0.501274
0.0506768,0.503317
0.0507936,0.505367
0.0509107,0.507425
0.0510281,0.509491
0.0511458,0.511565
0.0512637,0.513646
0.0513819,0.515736
0.0515004,0.517833
0.0516191,0.519939
0.0517381,0.522052
0.0518574,0.524174
0.051977,0.526303
0.0520968,0.528441
0.052217,0.530586
0.0523374,0.53274
0.052458,0.534902
0.052579,0.537072
0.0527002,0.539251
0.0528217,0.541437
0.0529435,0.543632
0.0530656,0.545835
0.0531879,0.548047
0.0533106,0.550267
0.0534335,0.552495
0.0535567,0.554732
0.0536802,0.556977
0.053804,0.55923
0.053928,0.561492
0.0540524,0.563763
0.054177,0.566042
0.0543019,0.568329
0.0544271,0.570626
0.0545526,0.57293
0.0546784,0.575244
0.0548044,0.577566
0.0549308,0.579897
0.0550575,0.582237
0.0551844,0.584585
0.0553117,0.586942
0.0554392,0.589309
0.055567,0.591684
0.0556951,0.594067
0.0558235,0.59646
0.0559523,0.598862
0.0560813,0.601272
0.0562106,0.603692
0.0563402,0.606121
0.0564701,0.608559
0.0566003,0.611006
0.0567308,0.613462
0.0568616,0.615927
0.0569927,0.618401
0.0571241,0.620885
0.0572558,0.623377
0.0573878,0.625879
0.0575202,0.628391
0.0576528,0.630911
0.0577857,0.633442
0.0579189,0.635981
0.0580525,0.63853
0.0581863,0.641088
0.0583205,0.643656
0.058455,0.646233
0.0585897,0.64882
0.0587248,0.651417
0.0588602,0.654024
0.058996,0.65664
0.059132,0.659266
0.0592683,0.661902
0.059405,0.664547
0.0595419,0.667202
0.0596792,0.669867
0.0598168,0.672541
0.0599548,0.675226
0.060093,0.67792
0.0602315,0.680624
0.0603704,0.683338
0.0605096,0.686062
0.0606491,0.688795
0.060789,0.691539
0.0609291,0.694293
0.0610696,0.697056
0.0612104,0.69983
0.0613516,0.702613
0.061493,0.705407
0.0616348,0.70821
0.0617769,0.711026
0.0619194,0.713853
0.0620621,0.71669
0.0622052,0.719537
0.0623486,0.722395
0.0624924,0.725262
0.0626365,0.728139
0.0627809,0.731026
0.0629257,0.733923
0.0630708,0.73683
0.0632162,0.739747
0.0633619,0.742674
0.063508,0.74561
0.0636545,0.748556
0.0638012,0.751512
0.0639483,0.754477
0.0640958,0.757452
0.0642436,0.760437
0.0643917,0.763431
0.0645402,0.76646
0.064689,0.76951
0.0648381,0.772569
0.0649876,0.77563
0.0651375,0.778699
0.0652876,0.781777
0.0654382,0.784866
0.0655891,0.787965
0.0657403,0.791073
0.0658919,0.794192
0.0660438,0.797321
0.0661961,0.80046
0.0663487,0.80361
0.0665017,0.80677
0.066655,0.80994
0.0668087,0.813121
0.0669627,0.816313
0.0671171,0.819516
0.0672719,0.82273
0.067427,0.825954
0.0675825,0.82919
0.0677383,0.832438
0.0678945,0.835696
0.068051,0.838966
0.0682079,0.842248
0.0683652,0.845548
0.0685228,0.848859
0.0686808,0.852181
0.0688392,0.855516
0.0689979,0.858863
0.069157,0.862221
0.0693164,0.865591
0.0694763,0.868973
0.0696365,0.872368
0.069797,0.875774
0.0699579,0.879192
0.0701192,0.882623
0.0702809,0.886066
0.070443,0.889521
0.0706054,0.892988
0.0707682,0.896467
0.0709314,0.899959
0.0710949,0.903463
0.0712588,0.906979
0.0714231,0.910508
0.0715878,0.914049
0.0717529,0.917602
0.0719183,0.921168
0.0720841,0.924747
0.0722503,0.928338
0.0724169,0.931942
0.0725839,0.935559
0.0727512,0.939188
0.072919,0.94283
0.0730871,0.946485
0.0732556,0.950152
0.0734245,0.953833
0.0735938,0.957526
0.0737635,0.961232
0.0739336,0.964951
0.0741041,0.968683
0.0742749,0.972428
0.0744462,0.976186
0.0746178,0.979958
0.0747899,0.983742
0.0749623,0.98754
0.0751352,0.99135
0.0753084,0.995174
0.075482,0.999012
0.0756561,1.00286
0.0758305,1.00673
0.0760054,1.0106
0.0761806,1.01449
0.0763563,1.0184
0.0765323,1.02232
0.0767088,1.02625
0.0768856,1.03019
0.0770629,1.03415
0.0772406,1.03812
0.0774187,1.04211
0.0775972,1.04611
0.0777761,1.05012
0.0779554,1.05415
0.0781352,1.05819
0.0783153,1.06225
0.0784959,1.06632
0.0786769,1.0704
0.0788583,1.0745
0.0790401,1.07861
0.0792224,1.08273
0.079405,1.08687
0.0795881,1.09102
0.0797716,1.09519
0.0799556,1.09937
0.0801399,1.10357
0.0803247,1.10778
0.0805099,1.112
0.0806955,1.11624
0.0808816,1.1205
0.0810681,1.12477
0.081255,1.12905
0.0814423,1.13335
0.0816301,1.13766
0.0818183,1.14198
0.082007,1.14633
0.0821961,1.15068
0.0823856,1.15505
0.0825755,1.15944
0.0827659,1.16384
0.0829568,1.16825
0.083148,1.17268
0.0833398,1.17713
0.0835319,1.18159
0.0837245,1.18606
0.0839176,1.19055
0.084111,1.19506
0.084305,1.19958
0.0844994,1.20411
0.0846942,1.20867
0.0848895,1.21323
0.0850852,1.21781
0.0852814,1.22241
0.085478,1.22702
0.0856751,1.23165
0.0858726,1.23629
0.0860706,1.24095
0.0862691,1.24563
0.086468,1.25032
0.0866674,1.25502
0.0868672,1.25974
0.0870675,1.26448
0.0872682,1.26923
0.0874695,1.274
0.0876711,1.27879
0.0878733,1.28359
0.0880759,1.2884
0.088279,1.29323
0.0884825,1.29808
0.0886865,1.30295
0.088891,1.30783
0.089096,1.31272
0.0893014,1.31764
0.0895073,1.32257
0.0897137,1.32751
0.0899205,1.33247
0.0901279,1.33745
0.0903357,1.34244
0.0905439,1.34746
0.0907527,1.35248
0.090962,1.35753
0.0911717,1.36259
0.0913819,1.36766
0.0915926,1.37276
0.0918038,1.37787
0.0920155,1.383
0.0922276,1.38814
0.0924403,1.3933
0.0926534,1.39848
0.092867,1.40367
0.0930812,1.40888
0.0932958,1.41411
0.0935109,1.41936
0.0937265,1.42462
0.0939426,1.4299
0.0941592,1.4352
0.0943763,1.44051
0.0945939,1.44584
0.094812,1.45119
0.0950306,1.45656
0.0952497,1.46194
0.0954694,1.46734
0.0956895,1.47276
0.0959101,1.4782
0.0961313,1.48365
0.0963529,1.48912
0.0965751,1.49461
0.0967977,1.50012
0.0970209,1.50564
0.0972446,1.51118
0.0974688,1.51674
0.0976936,1.52232
0.0979188,1.52791
0.0981446,1.53353
0.0983709,1.53916
0.0985977,1.54481
0.098825,1.55048
0.0990529,1.55616
0.0992813,1.56187
0.0995102,1.56759
0.0997396,1.57333
0.0999696,1.57909
0.1002,1.58486
0.100431,1.59066
0.100663,1.59647
0.100895,1.60231
0.101127,1.60816
0.101361,1.61403
0.101594,1.61991
0.101829,1.62582
0.102063,1.63175
0.102299,1.63769
0.102535,1.64365
0.102771,1.64964
0.103008,1.65564
0.103245,1.66166
0.103483,1.6677
0.103722,1.67375
0.103961,1.67983
0.104201,1.68593
0.104441,1.69204
0.104682,1.69818
0.104923,1.70433
0.105165,1.7105
0.105408,1.71669
0.105651,1.72291
0.105894,1.72914
0.106139,1.73539
0.106383,1.74166
0.106629,1.74795
0.106874,1.75426
0.107121,1.76059
0.107368,1.76694
0.107615,1.77331
0.107864,1.77969
0.108112,1.7861
0.108362,1.79253
0.108611,1.79898
0.108862,1.80545
0.109113,1.81194
0.109364,1.81844
0.109617,1.82497
0.109869,1.83152
0.110123,1.83809
0.110377,1.84468
0.110631,1.85129
0.110886,1.85792
0.111142,1.86457
0.111398,1.87124
0.111655,1.87793
0.111912,1.88464
0.11217,1.89138
0.112429,1.89813
0.112688,1.9049
0.112948,1.9117
0.113208,1.91851
0.113469,1.92535
0.113731,1.93221
0.113993,1.93909
0.114256,1.94599
0.11452,1.95291
0.114784,1.95985
0.115048,1.96681
0.115314,1.97379
0.115579,1.9808
0.115846,1.98783
0.116113,1.99487
0.116381,2.00194
0.116649,2.00903
0.116918,2.01614
0.117188,2.02328
0.117458,2.03043
0.117729,2.03761
0.118,2.04481
0.118272,2.05203
0.118545,2.05927
0.118818,2.06654
0.119092,2.07382
0.119367,2.08113
0.119642,2.08846
0.119918,2.09581
0.120194,2.10318
0.120471,2.11058
0.120749,2.118
0.121028,2.12544
0.121307,2.1329
0.121586,2.14039
0.121867,2.14789
0.122148,2.15542
0.122429,2.16298
0.122712,2.17055
0.122995,2.17815
0.123278,2.18577
0.123562,2.19341
0.123847,2.20108
0.124133,2.20877
0.124419,2.21648
0.124706,2.22421
0.124994,2.23197
0.125282,2.23975
0.125571,2.24755
0.12586,2.25538
0.12615,2.26323
0.126441,2.2711
0.126733,2.279
0.127025,2.28692
0.127318,2.29486
0.127611,2.30282
0.127906,2.31081
0.1282,2.31883
0.128496,2.32686
0.128792,2.33492
0.129089,2.34301
0.129387,2.35111
0.129685,2.35925
0.129984,2.3674
0.130284,2.37558
0.130584,2.38378
0.130885,2.39201
0.131187,2.40026
0.13149,2.40854
0.131793,2.41684
0.132097,2.42516
0.132401,2.43351
0.132707,2.44188
0.133013,2.45028
0.133319,2.4587
0.133627,2.46714
0.133935,2.47561
0.134244,2.48411
0.134553,2.49263
0.134863,2.50117
0.135174,2.50974
0.135486,2.51833
0.135798,2.52695
0.136112,2.5356
0.136425,2.54427
0.13674,2.55296
0.137055,2.56168
0.137371,2.57042
0.137688,2.57919
0.138005,2.58798
0.138324,2.5968
0.138643,2.60565
0.138962,2.61452
0.139283,2.62342
0.139604,2.63234
0.139926,2.64128
0.140248,2.65026
0.140572,2.65926
0.140896,2.66828
0.141221,2.67733
0.141546,2.68641
0.141873,2.69551
0.1422,2.70464
0.142528,2.71379
0.142856,2.72297
0.143186,2.73218
0.143516,2.74141
0.143847,2.75067
0.144178,2.75995
0.144511,2.76926
0.144844,2.7786
0.145178,2.78797
0.145513,2.79736
0.145848,2.80678
0.146184,2.81622
0.146521,2.82569
0.146859,2.83519
0.147198,2.84472
0.147537,2.85427
0.147877,2.86385
0.148218,2.87345
0.14856,2.88309
0.148903,2.89275
0.149246,2.90244
0.14959,2.91215
0.149935,2.9219
0.150281,2.93167
0.150627,2.94146
0.150975,2.95129
0.151323,2.96114
0.151672,2.97102
0.152021,2.98093
0.152372,2.99087
0.152723,3.00083
0.153075,3.01082
0.153428,3.02084
0.153782,3.03089
0.154137,3.04097
0.154492,3.05107
0.154848,3.06121
0.155205,3.07137
0.155563,3.08156
0.155922,3.09178
0.156281,3.10202
0.156642,3.1123
0.157003,3.1226
0.157365,3.13294
0.157728,3.1433
0.158091,3.15369
0.158456,3.16411
0.158821,3.17456
0.159187,3.18504
0.159554,3.19554
0.159922,3.20608
0.160291,3.21665
0.160661,3.22724
0.161031,3.23787
0.161402,3.24852
0.161774,3.2592
0.162147,3.26992
0.162521,3.28066
0.162896,3.29143
0.163272,3.30223
0.163648,3.31307
0.164025,3.32393
0.164404,3.33482
0.164783,3.34574
0.165163,3.3567
0.165543,3.36768
0.165925,3.37869
0.166308,3.38974
0.166691,3.40081
0.167075,3.41192
0.167461,3.42305
0.167847,3.43422
0.168234,3.44542
0.168622,3.45665
0.16901,3.4679
0.1694,3.47919
0.169791,3.49052
0.170182,3.50187
0.170575,3.51325
0.170968,3.52467
0.171362,3.53611
0.171757,3.54759
0.172153,3.5591
0.17255,3.57064
0.172948,3.58222
0.173347,3.59382
0.173746,3.60546
0.174147,3.61713
0.174549,3.62883
0.174951,3.64056
0.175354,3.65232
0.175759,3.66412
0.176164,3.67595
0.17657,3.68781
0.176977,3.69971
0.177385,3.71163
0.177794,3.72359
0.178204,3.73559
0.178615,3.74761
0.179027,3.75967
0.17944,3.77176
0.179854,3.78388
0.180268,3.79604
0.180684,3.80823
0.1811,3.82046
0.181518,3.83272
0.181937,3.84501
0.182356,3.85733
0.182777,3.86969
0.183198,3.88208
0.18362,3.89451
0.184044,3.90697
0.184468,3.91946
0.184893,3.93199
0.18532,3.94455
0.185747,3.95715
0.186175,3.96978
0.186605,3.98245
0.187035,3.99515
0.187466,4.00788
0.187898,4.02065
0.188332,4.03346
0.188766,4.0463
0.189201,4.05917
0.189637,4.07208
0.190074,4.08503
0.190513,4.09801
0.190952,4.11102
0.191392,4.12407
0.191834,4.13716
0.192276,4.15028
0.192719,4.16344
0.193164,4.17663
0.193609,4.18986
0.194055,4.20313
0.194503,4.21643
0.194951,4.22977
0.195401,4.24315
0.195851,4.25656
0.196303,4.27001
0.196755,4.28349
0.197209,4.29701
0.197664,4.31057
0.19812,4.32417
0.198576,4.3378
0.199034,4.35147
0.199493,4.36518
0.199953,4.37892
0.200414,4.3927
0.200876,4.40652
0.201339,4.42038
0.201804,4.43427
0.202269,4.44821
0.202735,4.46218
0.203203,4.47619
0.203671,4.49023
0.204141,4.50432
0.204612,4.51844
0.205083,4.53261
0.205556,4.54681
0.20603,4.56105
0.206505,4.57533
0.206981,4.58965
0.207459,4.604
0.207937,4.6184
0.208416,4.63283
0.208897,4.64731
0.209379,4.66182
0.209861,4.67638
0.210345,4.69097
0.21083,4.70561
0.211316,4.72028
0.211804,4.735
0.212292,4.74975
0.212781,4.76455
0.213272,4.77938
0.213764,4.79426
0.214257,4.80917
0.214751,4.82413
0.215246,4.83913
0.215742,4.85417
0.21624,4.86925
0.216738,4.88437
0.217238,4.89954
0.217739,4.91474
0.218241,4.92999
0.218744,4.94528
0.219248,4.96061
0.219754,4.97598
0.220261,4.9914
0.220768,5.00685
0.221277,5.02235
0.221788,5.0379
0.222299,5.05348
0.222812,5.06911
0.223325,5.08478
0.22384,5.10049
0.224356,5.11625
0.224874,5.13205
0.225392,5.1479
0.225912,5.16378
0.226433,5.17972
0.226955,5.19569
0.227478,5.21171
0.228003,5.22777
0.228528,5.24388
0.229055,5.26004
0.229583,5.27623
0.230113,5.29247
0.230643,5.30876
0.231175,5.32509
0.231708,5.34147
0.232242,5.35789
0.232778,5.37436
0.233314,5.39087
0.233852,5.40743
0.234392,5.42404
0.234932,5.44069
0.235474,5.45738
0.236017,5.47413
0.236561,5.49092
0.237106,5.50775
0.237653,5.52464
0.238201,5.54157
0.23875,5.55854
0.239301,5.57557
0.239852,5.59264
0.240405,5.60976
0.24096,5.62692
0.241515,5.64414
0.242072,5.6614
0.24263,5.67871
0.24319,5.69607
0.24375,5.71347
0.244312,5.73093
0.244876,5.74843
0.24544,5.76599
0.246006,5.78359
0.246574,5.80124
0.247142,5.81894
0.247712,5.83669
0.248283,5.85449
0.248856,5.87234
0.249429,5.89024
0.250004,5.90819
0.250581,5.92619
0.251159,5.94424
0.251738,5.96234
0.252318,5.98049
0.2529,5.9987
0.253483,6.01695
0.254067,6.03526
0.254653,6.05361
0.25524,6.07202
0.255829,6.09048
0.256419,6.10899
0.25701,6.12756
0.257603,6.14617
0.258197,6.16484
0.258792,6.18357
0.259389,6.20234
0.259987,6.22117
0.260586,6.24005
0.261187,6.25898
0.261789,6.27797
0.262393,6.29701
0.262998,6.31611
0.263604,6.33526
0.264212,6.35446
0.264821,6.37372
0.265432,6.39303
0.266044,6.4124
0.266657,6.43183
0.267272,6.4513
0.267888,6.47084
0.268506,6.49043
0.269125,6.51007
0.269746,6.52977
0.270367,6.54953
0.270991,6.56934
0.271616,6.58921
0.272242,6.60914
0.27287,6.62912
0.273499,6.64916
0.274129,6.66926
0.274761,6.68942
0.275395,6.70963
0.27603,6.7299
0.276666,6.75023
0.277304,6.77061
0.277944,6.79106
0.278585,6.81156
0.279227,6.83213
0.279871,6.85275
0.280516,6.87343
0.281163,6.89417
0.281811,6.91497
0.282461,6.93583
0.283112,6.95675
0.283765,6.97773
0.284419,6.99877
0.285075,7.01987
0.285732,7.04103
0.286391,7.06226
0.287051,7.08354
0.287713,7.10489
0.288377,7.1263
0.289042,7.14777
0.289708,7.1693
0.290376,7.19089
0.291045,7.21255
0.291717,7.23427
0.292389,7.25605
0.293063,7.2779
0.293739,7.29981
0.294416,7.32178
0.295095,7.34381
0.295776,7.36592
0.296458,7.38808
0.297141,7.41031
0.297826,7.4326
0.298513,7.45496
0.299201,7.47739
0.299891,7.49988
0.300582,7.52243
0.301276,7.54505
0.30197,7.56774
0.302666,7.59049
0.303364,7.61331
0.304064,7.63621
0.304765,7.65919
0.305468,7.68224
0.306172,7.70535
0.306878,7.72854
0.307585,7.75178
0.308295,7.7751
0.309005,7.79849
0.309718,7.82194
0.310432,7.84546
0.311148,7.86905
0.311865,7.89271
0.312584,7.91644
0.313305,7.94023
0.314027,7.9641
0.314751,7.98803
0.315477,8.01203
0.316205,8.03611
0.316934,8.06025
0.317664,8.08446
0.318397,8.10874
0.319131,8.13309
0.319867,8.15752
0.320604,8.18201
0.321343,8.20657
0.322084,8.23121
0.322827,8.25591
0.323571,8.28069
0.324317,8.30554
0.325065,8.33045
0.325815,8.35544
0.326566,8.38051
0.327319,8.40564
0.328074,8.43085
0.32883,8.45612
0.329588,8.48147
0.330348,8.5069
0.33111,8.53239
0.331873,8.55796
0.332638,8.5836
0.333405,8.60932
0.334174,8.6351
0.334945,8.66096
0.335717,8.6869
0.336491,8.71291
0.337267,8.73899
0.338044,8.76515
0.338824,8.79134
0.339605,8.8176
0.340388,8.84393
0.341173,8.87034
0.34196,8.89682
0.342748,8.92338
0.343538,8.95001
0.34433,8.97672
0.345124,9.00351
0.34592,9.03037
0.346718,9.05731
0.347517,9.08433
0.348318,9.11142
0.349122,9.13859
0.349927,9.16601
0.350733,9.19358
0.351542,9.22124
0.352353,9.24898
0.353165,9.27679
0.353979,9.30469
0.354795,9.33267
0.355614,9.36072
0.356433,9.38886
0.357255,9.41708
0.358079,9.44539
0.358905,9.47377
0.359732,9.50224
0.360562,9.53079
0.361393,9.55942
0.362226,9.58814
0.363061,9.61694
0.363898,9.64583
0.364738,9.67479
0.365579,9.70385
0.366421,9.73299
0.367266,9.76221
0.368113,9.79152
0.368962,9.82092
0.369813,9.8504
0.370665,9.87996
0.37152,9.90962
0.372376,9.93936
0.373235,9.96919
0.374096,9.99911
0.374958,10.0291
0.375823,10.0592
0.376689,10.0894
0.377558,10.1197
0.378428,10.15
0.379301,10.1805
0.380175,10.211
0.381052,10.2416
0.381931,10.2724
0.382811,10.3032
0.383694,10.3341
0.384579,10.3651
0.385465,10.3962
0.386354,10.4274
0.387245,10.4586
0.388138,10.49
0.389033,10.5215
0.38993,10.553
0.390829,10.5847
0.39173,10.6164
0.392633,10.6483
0.393538,10.6802
0.394446,10.7122
0.395355,10.7443
0.396267,10.7766
0.39718,10.8089
0.398096,10.8413
0.399014,10.8738
0.399934,10.9064
0.400856,10.9391
0.401781,10.9719
0.402707,11.0048
0.403635,11.0378
0.404566,11.0708
0.405499,11.104
0.406434,11.1373
0.407371,11.1707
0.40831,11.2042
0.409252,11.2378
0.410195,11.2714
0.411141,11.3052
0.412089,11.3391
0.413039,11.3731
0.413992,11.4072
0.414946,11.4414
0.415903,11.4756
0.416862,11.51
0.417823,11.5445
0.418786,11.5791
0.419752,11.6138
0.42072,11.6486
0.42169,11.6835
0.422662,11.7185
0.423637,11.7536
0.424613,11.7888
0.425592,11.8241
0.426574,11.8596
0.427557,11.8951
0.428543,11.9307
0.429531,11.9665
0.430522,12.0023
0.431514,12.0383
0.432509,12.0743
0.433506,12.1105
0.434506,12.1467
0.435508,12.1831
0.436512,12.2196
0.437518,12.2562
0.438527,12.2929
0.439538,12.3297
0.440552,12.3666
0.441567,12.4036
0.442586,12.4408
0.443606,12.478
0.444629,12.5154
0.445654,12.5529
0.446682,12.5905
0.447712,12.6282
0.448744,12.666
0.449778,12.7039
0.450816,12.7419
0.451855,12.7801
0.452897,12.8183
0.453941,12.8567
0.454988,12.8952
0.456037,12.9337
0.457088,12.9725
0.458142,13.0113
0.459198,13.0502
0.460257,13.0893
0.461318,13.1284
0.462382,13.1677
0.463448,13.2071
0.464517,13.2466
0.465588,13.2862
0.466661,13.3259
0.467737,13.3658
0.468816,13.4057
0.469897,13.4458
0.47098,13.486
0.472066,13.5263
0.473155,13.5668
0.474246,13.6073
0.475339,13.648
0.476435,13.6888
0.477534,13.7297
0.478635,13.7707
0.479738,13.8118
0.480844,13.8531
0.481953,13.8944
0.483064,13.9359
0.484178,13.9776
0.485294,14.0193
0.486413,14.0611
0.487535,14.1031
0.488659,14.1452
0.489786,14.1874
0.490915,14.2297
0.492047,14.2722
0.493181,14.3148
0.494318,14.3575
0.495458,14.4003
0.496601,14.4432
0.497746,14.4863
0.498893,14.5295
0.500044,14.5728
0.501197,14.6162
0.502352,14.6597
0.50351,14.7034
0.504671,14.7472
0.505835,14.7911
0.507001,14.8352
0.50817,14.8793
0.509342,14.9236
0.510516,14.9681
0.511693,15.0126
0.512873,15.0573
0.514056,15.1021
0.515241,15.147
0.516429,15.192
0.51762,15.2372
0.518813,15.2825
0.520009,15.3279
0.521208,15.3734
0.52241,15.4191
0.523615,15.4649
0.524822,15.5108
0.526032,15.5569
0.527245,15.603
0.528461,15.6493
0.529679,15.6958
0.5309,15.7423
0.532125,15.789
0.533351,15.8358
0.534581,15.8828
0.535814,15.9298
0.537049,15.977
0.538287,16.0244
0.539529,16.0718
0.540773,16.1194
0.542019,16.1671
0.543269,16.215
0.544522,16.2629
0.545777,16.311
0.547036,16.3593
0.548297,16.4076
0.549561,16.4561
0.550828,16.5047
0.552098,16.5535
0.553371,16.6024
0.554647,16.6514
0.555926,16.7005
0.557208,16.7498
0.558493,16.7992
0.55978,16.8488
0.561071,16.8984
0.562365,16.9482
0.563661,16.9982
0.564961,17.0482
0.566264,17.0984
0.567569,17.1487
0.568878,17.1992
0.57019,17.2498
0.571504,17.3005
0.572822,17.3514
0.574143,17.4023
0.575467,17.4535
0.576793,17.5047
0.578123,17.5561
0.579456,17.6076
0.580792,17.6593
0.582131,17.711
0.583474,17.763
0.584819,17.815
0.586167,17.8672
0.587519,17.9195
0.588874,17.972
0.590231,18.0245
0.591592,18.0773
0.592956,18.1301
0.594323,18.1831
0.595694,18.2362
0.597067,18.2895
0.598444,18.3429
0.599824,18.3964
0.601207,18.45
0.602593,18.5038
0.603982,18.5577
0.605375,18.6118
0.606771,18.666
0.60817,18.7203
0.609572,18.7748
0.610978,18.8294
0.612386,18.8841
0.613798,18.939
0.615214,18.994
0.616632,19.0491
0.618054,19.1043
0.619479,19.1597
0.620907,19.2153
0.622339,19.271
0.623774,19.3268
0.625212,19.3827
0.626653,19.4388
0.628098,19.495
0.629547,19.5513
0.630998,19.6078
0.632453,19.6644
0.633911,19.7212
0.635373,19.778
0.636838,19.8351
0.638306,19.8922
0.639778,19.9495
0.641253,20.0069
0.642732,20.0645
0.644214,20.1222
0.645699,20.18
0.647188,20.2379
0.64868,20.296
0.650176,20.3543
0.651675,20.4126
0.653177,20.4711
0.654683,20.5297
0.656193,20.5885
0.657706,20.6474
0.659222,20.7064
0.660742,20.7656
0.662266,20.8249
0.663793,20.8843
0.665323,20.9439
0.666857,21.0036
0.668395,21.0634
0.669936,21.1234
0.671481,21.1835
0.673029,21.2437
0.674581,21.3041
0.676136,21.3646
0.677695,21.4252
0.679258,21.486
0.680824,21.5469
0.682393,21.6079
0.683967,21.6691
0.685544,21.7304
0.687125,21.7918
0.688709,21.8534
0.690297,21.9151
0.691888,21.9769
0.693484,22.0389
0.695083,22.101
0.696685,22.1632
0.698292,22.2256
0.699902,22.288
0.701515,22.3507
0.703133,22.4134
0.704754,22.4763
0.706379,22.5393
0.708008,22.6024
0.70964,22.6657
0.711277,22.7291
0.712917,22.7926
0.71456,22.8563
0.716208,22.9201
0.717859,22.984
0.719514,23.0481
0.721173,23.1122
0.722836,23.1766
0.724503,23.241
0.726173,23.3056
0.727848,23.3703
0.729526,23.4351
0.731208,23.5
0.732894,23.5651
0.734584,23.6303
0.736277,23.6957
0.737975,23.7611
0.739677,23.8267
0.741382,23.8924
0.743091,23.9583
0.744805,24.0242
0.746522,24.0903
0.748243,24.1565
0.749969,24.2229
0.751698,24.2894
0.753431,24.356
0.755168,24.4227
0.756909,24.4895
0.758655,24.5565
0.760404,24.6236
0.762157,24.6908
0.763914,24.7582
0.765676,24.8256
0.767441,24.8932
0.769211,24.9609
0.770984,25.0288
0.772762,25.0967
0.774544,25.1648
0.776329,25.233
0.778119,25.3013
0.779914,25.3698
0.781712,25.4383
0.783514,25.507
0.785321,25.5758
0.787131,25.6447
0.788946,25.7138
0.790765,25.7829
0.792589,25.8522
0.794416,25.9216
0.796248,25.9912
0.798084,26.0608
0.799924,26.1305
0.801768,26.2004
0.803617,26.2704
0.80547,26.3405
0.807327,26.4107
0.809188,26.4811
0.811054,26.5515
0.812924,26.6221
0.814799,26.6928
0.816677,26.7636
0.81856,26.8345
0.820448,26.9055
0.822339,26.9767
0.824235,27.0479
0.826136,27.1193
0.828041,27.1908
0.82995,27.2624
0.831864,27.3341
0.833782,27.4059
0.835704,27.4778
0.837631,27.5499
0.839562,27.622
0.841498,27.6943
0.843438,27.7666
0.845383,27.8391
0.847332,27.9117
0.849286,27.9844
0.851244,28.0572
0.853207,28.1301
0.855174,28.2031
0.857146,28.2763
0.859122,28.3495
0.861103,28.4228
0.863088,28.4963
0.865078,28.5698
0.867073,28.6435
0.869072,28.7172
0.871076,28.7911
0.873084,28.8651
0.875098,28.9391
0.877115,29.0133
0.879138,29.0876
0.881165,29.1619
0.883196,29.2364
0.885233,29.311
0.887274,29.3857
0.88932,29.4605
0.89137,29.5353
0.893425,29.6103
0.895485,29.6854
0.89755,29.7606
0.89962,29.8358
0.901694,29.9112
0.903773,29.9867
0.905857,30.0622
0.907945,30.1379
0.910039,30.2137
0.912137,30.2895
0.91424,30.3655
0.916348,30.4415
0.918461,30.5176
0.920579,30.5939
0.922701,30.6702
0.924829,30.7466
0.926961,30.8231
0.929098,30.8997
0.931241,30.9764
0.933388,31.0532
0.93554,31.13
0.937697,31.207
0.939859,31.2841
0.942026,31.3612
0.944198,31.4384
0.946375,31.5157
0.948557,31.5931
0.950744,31.6706
0.952936,31.7482
0.955133,31.8259
0.957336,31.9036
0.959543,31.9815
0.961755,32.0594
0.963973,32.1374
0.966196,32.2155
0.968423,32.2936
0.970656,32.3719
0.972894,32.4502
0.975138,32.5286
0.977386,32.6071
0.979639,32.6857
0.981898,32.7644
0.984162,32.8431
0.986431,32.922
0.988706,33.0009
0.990985,33.0798
0.99327,33.1589
0.995561,33.238
0.997856,33.3172
1.00016,33.3965
1.00246,33.4759
1.00477,33.5553
1.00709,33.6348
1.00941,33.7144
1.01174,33.7941
1.01407,33.8738
1.01641,33.9536
1.01875,34.0335
1.0211,34.1135
1.02346,34.1935
1.02582,34.2736
1.02818,34.3538
1.03055,34.434
1.03293,34.5143
1.03531,34.5947
1.0377,34.6752
1.04009,34.7557
1.04249,34.8363
1.04489,34.9169
1.0473,34.9977
1.04972,35.0785
1.05214,35.1593
1.05456,35.2402
1.05699,35.3212
1.05943,35.4023
1.06187,35.4834
1.06432,35.5646
1.06678,35.6458
1.06924,35.7271
1.0717,35.8085
1.07417,35.89
1.07665,35.9714
1.07913,36.053
1.08162,36.1346
1.08411,36.2163
1.08661,36.298
1.08912,36.3798
1.09163,36.4617
1.09415,36.5436
1.09667,36.6256
1.0992,36.7076
1.10173,36.7897
1.10427,36.8719
1.10682,36.9541
1.10937,37.0363
1.11193,37.1186
1.11449,37.201
1.11706,37.2834
1.11964,37.3659
1.12222,37.4484
1.12481,37.531
1.1274,37.6137
1.13,37.6964
1.13261,37.7791
1.13522,37.8619
1.13783,37.9447
1.14046,38.0276
1.14309,38.1106
1.14572,38.1936
1.14837,38.2766
1.15101,38.3597
1.15367,38.4429
1.15633,38.5261
1.15899,38.6093
1.16167,38.6926
1.16434,38.7759
1.16703,38.8593
1.16972,38.9428
1.17242,39.0262
1.17512,39.1098
1.17783,39.1933
1.18054,39.2769
1.18327,39.3606
1.186,39.4443
1.18873,39.5281
1.19147,39.6118
1.19422,39.6957
1.19697,39.7796
1.19973,39.8635
1.2025,39.9474
1.20527,40.0314
1.20805,40.1155
1.21083,40.1996
1.21363,40.2837
1.21642,40.3678
1.21923,40.452
1.22204,40.5363
1.22486,40.6206
1.22768,40.7049
1.23051,40.7893
1.23335,40.8736
1.23619,40.9581
1.23904,41.0426
1.2419,41.1271
1.24476,41.2116
1.24763,41.2962
1.25051,41.3808
1.25339,41.4655
1.25628,41.5502
1.25918,41.6349
1.26208,41.7196
1.26499,41.8044
1.26791,41.8893
1.27083,41.9741
1.27376,42.059
1.2767,42.144
1.27964,42.2289
1.2826,42.3139
1.28555,42.3989
1.28852,42.484
1.29149,42.5691
1.29447,42.6542
1.29745,42.7394
1.30044,42.8245
1.30344,42.9098
1.30645,42.995
1.30946,43.0803
1.31248,43.1656
1.3155,43.2509
1.31854,43.3363
1.32158,43.4217
1.32462,43.5071
1.32768,43.5926
1.33074,43.678
1.33381,43.7635
1.33688,43.8491
1.33997,43.9346
1.34305,44.0202
1.34615,44.1058
1.34926,44.1915
1.35237,44.2771
1.35548,44.3628
1.35861,44.4486
1.36174,44.5343
1.36488,44.6201
1.36803,44.7059
1.37118,44.7917
1.37434,44.8776
1.37751,44.9634
1.38069,45.0493
1.38387,45.1352
1.38706,45.2212
1.39026,45.3072
1.39347,45.3932
1.39668,45.4792
1.3999,45.5652
1.40313,45.6513
1.40636,45.7374
1.40961,45.8235
1.41286,45.9096
1.41611,45.9957
1.41938,46.0819
1.42265,46.1681
1.42593,46.2543
1.42922,46.3406
1.43252,46.4268
1.43582,46.5131
1.43913,46.5994
1.44245,46.6857
1.44577,46.7721
1.44911,46.8584
1.45245,46.9448
1.4558,47.0312
1.45915,47.1176
1.46252,47.2041
1.46589,47.2906
1.46927,47.377
1.47266,47.4635
1.47605,47.5501
1.47946,47.6366
1.48287,47.7231
1.48629,47.8097
1.48971,47.8963
1.49315,47.9829
1.49659,48.0696
1.50004,48.1562
1.5035,48.2429
1.50697,48.3296
1.51044,48.4163
1.51392,48.503
1.51741,48.5897
1.52091,48.6765
1.52442,48.7632
1.52794,48.85
1.53146,48.9368
1.53499,49.0237
1.53853,49.1105
1.54208,49.1973
1.54563,49.2842
1.54919,49.3711
1.55277,49.458
1.55635,49.5449
1.55994,49.6319
1.56353,49.7188
1.56714,49.8058
1.57075,49.8928
1.57437,49.9798
1.578,50.0668
1.58164,50.1538
1.58529,50.2408
1.58894,50.3279
1.59261,50.415
1.59628,50.502
1.59996,50.5891
1.60365,50.6763
1.60735,50.7634
1.61105,50.8505
1.61477,50.9377
1.61849,51.0249
1.62222,51.1121
1.62596,51.1993
1.62971,51.2865
1.63347,51.3737
1.63723,51.4609
1.64101,51.5482
1.64479,51.6355
1.64859,51.7227
1.65239,51.81
1.6562,51.8973
1.66002,51.9847
1.66384,52.072
1.66768,52.1593
1.67152,52.2467
1.67538,52.3341
1.67924,52.4215
1.68311,52.5089
1.68699,52.5963
1.69088,52.6837
1.69478,52.7711
1.69869,52.8586
1.70261,52.9461
1.70653,53.0335
1.71047,53.121
1.71441,53.2085
1.71836,53.296
1.72233,53.3835
1.7263,53.4711
1.73028,53.5586
1.73427,53.6462
1.73827,53.7337
1.74227,53.8213
1.74629,53.9089
1.75032,53.9965
1.75435,54.0841
1.7584,54.1718
1.76245,54.2594
1.76652,54.3471
1.77059,54.4347
1.77467,54.5224
1.77876,54.6101
1.78286,54.6978
1.78698,54.7855
1.7911,54.8732
1.79522,54.9609
1.79936,55.0487
1.80351,55.1364
1.80767,55.2242
1.81184,55.3119
1.81602,55.3997
1.8202,55.4875
1.8244,55.5753
1.82861,55.6631
1.83282,55.7509
1.83705,55.8388
1.84129,55.9266
1.84553,56.0145
1.84979,56.1023
1.85405,56.1902
1.85833,56.2781
1.86261,56.366
1.86691,56.4539
1.87121,56.5418
1.87552,56.6297
1.87985,56.7177
1.88418,56.8056
1.88853,56.8935
1.89288,56.9815
1.89725,57.0695
1.90162,57.1575
1.90601,57.2455
1.9104,57.3335
1.9148,57.4215
1.91922,57.5095
1.92364,57.5975
1.92808,57.6856
1.93253,57.7736
1.93698,57.8617
1.94145,57.9497
1.94592,58.0378
1.95041,58.1259
1.95491,58.214
1.95942,58.3021
1.96393,58.3902
1.96846,58.4783
1.973,58.5664
