r,sigma_dipolo
1.973e-05,3.316e-09
1.97755e-05,3.33228e-09
1.98211e-05,3.34863e-09
1.98668e-05,3.36507e-09
1.99126e-05,3.38159e-09
1.99585e-05,3.39819e-09
2.00045e-05,3.41487e-09
2.00507e-05,3.43163e-09
2.00969e-05,3.44848e-09
2.01432e-05,3.46541e-09
2.01897e-05,3.48242e-09
2.02362e-05,3.49952e-09
2.02829e-05,3.5167e-09
2.03296e-05,3.53396e-09
2.03765e-05,3.55131e-09
2.04235e-05,3.56874e-09
2.04706e-05,3.58626e-09
2.05178e-05,3.60387e-09
2.05651e-05,3.62157e-09
2.06125e-05,3.63934e-09
2.066e-05,3.65721e-09
2.07077e-05,3.67517e-09
2.07554e-05,3.69321e-09
2.08033e-05,3.71134e-09
2.08512e-05,3.72956e-09
2.08993e-05,3.74787e-09
2.09475e-05,3.76627e-09
2.09958e-05,3.78477e-09
2.10442e-05,3.80335e-09
2.10927e-05,3.82202e-09
2.11414e-05,3.84079e-09
2.11901e-05,3.85964e-09
2.1239e-05,3.87859e-09
2.12879e-05,3.89764e-09
2.1337e-05,3.91678e-09
2.13862e-05,3.93601e-09
2.14355e-05,3.95533e-09
2.1485e-05,3.97475e-09
2.15345e-05,3.99427e-09
2.15841e-05,4.01388e-09
2.16339e-05,4.03359e-09
2.16838e-05,4.0534e-09
2.17338e-05,4.0733e-09
2.17839e-05,4.0933e-09
2.18341e-05,4.1134e-09
2.18845e-05,4.1336e-09
2.19349e-05,4.1539e-09
2.19855e-05,4.17429e-09
2.20362e-05,4.19479e-09
2.2087e-05,4.21539e-09
2.21379e-05,4.23609e-09
2.2189e-05,4.25689e-09
2.22401e-05,4.2778e-09
2.22914e-05,4.2988e-09
2.23428e-05,4.31991e-09
2.23943e-05,4.34113e-09
2.2446e-05,4.36244e-09
2.24977e-05,4.38387e-09
2.25496e-05,4.4054e-09
2.26016e-05,4.42703e-09
2.26537e-05,4.44877e-09
2.27059e-05,4.47062e-09
2.27583e-05,4.49257e-09
2.28108e-05,4.51464e-09
2.28634e-05,4.53681e-09
2.29161e-05,4.55909e-09
2.29689e-05,4.58148e-09
2.30219e-05,4.60398e-09
2.30749e-05,4.62659e-09
2.31281e-05,4.64931e-09
2.31815e-05,4.67215e-09
2.32349e-05,4.69509e-09
2.32885e-05,4.71815e-09
2.33422e-05,4.74133e-09
2.3396e-05,4.76461e-09
2.345e-05,4.78801e-09
2.3504e-05,4.81153e-09
2.35582e-05,4.83516e-09
2.36125e-05,4.85891e-09
2.3667e-05,4.88277e-09
2.37216e-05,4.90676e-09
2.37762e-05,4.93086e-09
2.38311e-05,4.95508e-09
2.3886e-05,4.97941e-09
2.39411e-05,5.00387e-09
2.39963e-05,5.02845e-09
2.40516e-05,5.05315e-09
2.41071e-05,5.07797e-09
2.41627e-05,5.10291e-09
2.42184e-05,5.12798e-09
2.42742e-05,5.15316e-09
2.43302e-05,5.17848e-09
2.43863e-05,5.20391e-09
2.44425e-05,5.22948e-09
2.44989e-05,5.25516e-09
2.45553e-05,5.28098e-09
2.4612e-05,5.30692e-09
2.46687e-05,5.33299e-09
2.47256e-05,5.35918e-09
2.47826e-05,5.38551e-09
2.48397e-05,5.41197e-09
2.4897e-05,5.43855e-09
2.49544e-05,5.46527e-09
2.5012e-05,5.49211e-09
2.50696e-05,5.5191e-09
2.51274e-05,5.54621e-09
2.51854e-05,5.57346e-09
2.52434e-05,5.60083e-09
2.53016e-05,5.62835e-09
2.536e-05,5.656e-09
2.54185e-05,5.68379e-09
2.54771e-05,5.71171e-09
2.55358e-05,5.73977e-09
2.55947e-05,5.76797e-09
2.56537e-05,5.7963e-09
2.57128e-05,5.82478e-09
2.57721e-05,5.8534e-09
2.58316e-05,5.88215e-09
2.58911e-05,5.91105e-09
2.59508e-05,5.9401e-09
2.60106e-05,5.96928e-09
2.60706e-05,5.99861e-09
2.61307e-05,6.02808e-09
2.6191e-05,6.0577e-09
2.62514e-05,6.08746e-09
2.63119e-05,6.11737e-09
2.63726e-05,6.14742e-09
2.64334e-05,6.17763e-09
2.64943e-05,6.20798e-09
2.65554e-05,6.23848e-09
2.66166e-05,6.26913e-09
2.6678e-05,6.29994e-09
2.67395e-05,6.33089e-09
2.68012e-05,6.362e-09
2.6863e-05,6.39326e-09
2.69249e-05,6.42467e-09
2.6987e-05,6.45624e-09
2.70492e-05,6.48797e-09
2.71116e-05,6.51985e-09
2.71741e-05,6.55188e-09
2.72367e-05,6.58408e-09
2.72995e-05,6.61643e-09
2.73625e-05,6.64894e-09
2.74256e-05,6.68162e-09
2.74888e-05,6.71445e-09
2.75522e-05,6.74744e-09
2.76157e-05,6.7806e-09
2.76794e-05,6.81392e-09
2.77432e-05,6.84741e-09
2.78072e-05,6.88105e-09
2.78713e-05,6.91487e-09
2.79356e-05,6.94885e-09
2.8e-05,6.983e-09
2.80645e-05,7.01731e-09
2.81292e-05,7.0518e-09
2.81941e-05,7.08646e-09
2.82591e-05,7.12128e-09
2.83243e-05,7.15628e-09
2.83896e-05,7.19145e-09
2.8455e-05,7.22679e-09
2.85206e-05,7.2623e-09
2.85864e-05,7.298e-09
2.86523e-05,7.33386e-09
2.87184e-05,7.36991e-09
2.87846e-05,7.40613e-09
2.88509e-05,7.44252e-09
2.89175e-05,7.4791e-09
2.89841e-05,7.51586e-09
2.9051e-05,7.5528e-09
2.9118e-05,7.58992e-09
2.91851e-05,7.62723e-09
2.92524e-05,7.66471e-09
2.93198e-05,7.70238e-09
2.93874e-05,7.74024e-09
2.94552e-05,7.77829e-09
2.95231e-05,7.81652e-09
2.95912e-05,7.85493e-09
2.96594e-05,7.89354e-09
2.97278e-05,7.93234e-09
2.97963e-05,7.97133e-09
2.9865e-05,8.01051e-09
2.99339e-05,8.04989e-09
3.00029e-05,8.08945e-09
3.00721e-05,8.12922e-09
3.01414e-05,8.16917e-09
3.02109e-05,8.20933e-09
3.02806e-05,8.24968e-09
3.03504e-05,8.29023e-09
3.04204e-05,8.33098e-09
3.04905e-05,8.37194e-09
3.05608e-05,8.41309e-09
3.06313e-05,8.45445e-09
3.07019e-05,8.496e-09
3.07727e-05,8.53777e-09
3.08437e-05,8.57974e-09
3.09148e-05,8.62192e-09
3.09861e-05,8.6643e-09
3.10575e-05,8.70689e-09
3.11291e-05,8.74969e-09
3.12009e-05,8.79271e-09
3.12728e-05,8.83593e-09
3.13449e-05,8.87937e-09
3.14172e-05,8.92302e-09
3.14896e-05,8.96689e-09
3.15622e-05,9.01097e-09
3.1635e-05,9.05527e-09
3.1708e-05,9.09979e-09
3.17811e-05,9.14453e-09
3.18543e-05,9.18948e-09
3.19278e-05,9.23466e-09
3.20014e-05,9.28006e-09
3.20752e-05,9.32569e-09
3.21491e-05,9.37154e-09
3.22233e-05,9.41761e-09
3.22976e-05,9.46391e-09
3.2372e-05,9.51044e-09
3.24467e-05,9.5572e-09
3.25215e-05,9.60419e-09
3.25965e-05,9.65141e-09
3.26716e-05,9.69887e-09
3.2747e-05,9.74655e-09
3.28225e-05,9.79447e-09
3.28982e-05,9.84263e-09
3.2974e-05,9.89103e-09
3.305e-05,9.93966e-09
3.31262e-05,9.98853e-09
3.32026e-05,1.00376e-08
3.32792e-05,1.0087e-08
3.33559e-05,1.01366e-08
3.34328e-05,1.01864e-08
3.35099e-05,1.02365e-08
3.35872e-05,1.02869e-08
3.36646e-05,1.03374e-08
3.37422e-05,1.03883e-08
3.382e-05,1.04394e-08
3.3898e-05,1.04907e-08
3.39762e-05,1.05423e-08
3.40545e-05,1.05941e-08
3.4133e-05,1.06462e-08
3.42117e-05,1.06986e-08
3.42906e-05,1.07512e-08
3.43697e-05,1.0804e-08
3.44489e-05,1.08572e-08
3.45283e-05,1.09106e-08
3.4608e-05,1.09642e-08
3.46877e-05,1.10181e-08
3.47677e-05,1.10723e-08
3.48479e-05,1.11268e-08
3.49282e-05,1.11815e-08
3.50088e-05,1.12365e-08
3.50895e-05,1.12917e-08
3.51704e-05,1.13473e-08
3.52515e-05,1.14031e-08
3.53328e-05,1.14592e-08
3.54142e-05,1.15155e-08
3.54959e-05,1.15722e-08
3.55777e-05,1.16291e-08
3.56598e-05,1.16863e-08
3.5742e-05,1.17437e-08
3.58244e-05,1.18015e-08
3.5907e-05,1.18595e-08
3.59898e-05,1.19179e-08
3.60728e-05,1.19765e-08
3.61559e-05,1.20354e-08
3.62393e-05,1.20946e-08
3.63229e-05,1.21541e-08
3.64066e-05,1.22138e-08
3.64906e-05,1.22739e-08
3.65747e-05,1.23343e-08
3.6659e-05,1.2395e-08
3.67435e-05,1.24559e-08
3.68283e-05,1.25172e-08
3.69132e-05,1.25788e-08
3.69983e-05,1.26406e-08
3.70836e-05,1.27028e-08
3.71691e-05,1.27653e-08
3.72548e-05,1.28281e-08
3.73407e-05,1.28912e-08
3.74268e-05,1.29546e-08
3.75131e-05,1.30183e-08
3.75996e-05,1.30823e-08
3.76863e-05,1.31467e-08
3.77732e-05,1.32114e-08
3.78603e-05,1.32764e-08
3.79476e-05,1.33417e-08
3.80351e-05,1.34073e-08
3.81228e-05,1.34732e-08
3.82107e-05,1.35395e-08
3.82988e-05,1.36061e-08
3.83871e-05,1.36731e-08
3.84756e-05,1.37403e-08
3.85643e-05,1.38079e-08
3.86532e-05,1.38758e-08
3.87423e-05,1.39441e-08
3.88317e-05,1.40127e-08
3.89212e-05,1.40816e-08
3.90109e-05,1.41509e-08
3.91009e-05,1.42205e-08
3.9191e-05,1.42905e-08
3.92814e-05,1.43608e-08
3.9372e-05,1.44315e-08
3.94627e-05,1.45025e-08
3.95537e-05,1.45738e-08
3.96449e-05,1.46455e-08
3.97363e-05,1.47176e-08
3.9828e-05,1.479e-08
3.99198e-05,1.48627e-08
4.00118e-05,1.49359e-08
4.01041e-05,1.50093e-08
4.01966e-05,1.50832e-08
4.02892e-05,1.51574e-08
4.03821e-05,1.5232e-08
4.04752e-05,1.53069e-08
4.05686e-05,1.53822e-08
4.06621e-05,1.54579e-08
4.07559e-05,1.5534e-08
4.08498e-05,1.56104e-08
4.0944e-05,1.56872e-08
4.10384e-05,1.57644e-08
4.1133e-05,1.5842e-08
4.12279e-05,1.59199e-08
4.13229e-05,1.59983e-08
4.14182e-05,1.6077e-08
4.15137e-05,1.61561e-08
4.16094e-05,1.62356e-08
4.17054e-05,1.63155e-08
4.18015e-05,1.63958e-08
4.18979e-05,1.64764e-08
4.19945e-05,1.65575e-08
4.20914e-05,1.6639e-08
4.21884e-05,1.67209e-08
4.22857e-05,1.68032e-08
4.23832e-05,1.68858e-08
4.24809e-05,1.69689e-08
4.25788e-05,1.70524e-08
4.2677e-05,1.71364e-08
4.27754e-05,1.72207e-08
4.2874e-05,1.73054e-08
4.29729e-05,1.73906e-08
4.3072e-05,1.74762e-08
4.31713e-05,1.75622e-08
4.32708e-05,1.76486e-08
4.33706e-05,1.77355e-08
4.34706e-05,1.78228e-08
4.35708e-05,1.79105e-08
4.36713e-05,1.79986e-08
4.3772e-05,1.80872e-08
4.38729e-05,1.81762e-08
4.39741e-05,1.82657e-08
4.40755e-05,1.83556e-08
4.41771e-05,1.84459e-08
4.42789e-05,1.85367e-08
4.4381e-05,1.86279e-08
4.44834e-05,1.87196e-08
4.45859e-05,1.88117e-08
4.46887e-05,1.89043e-08
4.47918e-05,1.89974e-08
4.48951e-05,1.90909e-08
4.49986e-05,1.91848e-08
4.51023e-05,1.92793e-08
4.52063e-05,1.93742e-08
4.53105e-05,1.94695e-08
4.5415e-05,1.95654e-08
4.55197e-05,1.96617e-08
4.56247e-05,1.97584e-08
4.57299e-05,1.98557e-08
4.58353e-05,1.99534e-08
4.5941e-05,2.00516e-08
4.60469e-05,2.01503e-08
4.61531e-05,2.02495e-08
4.62595e-05,2.03492e-08
4.63662e-05,2.04494e-08
4.64731e-05,2.055e-08
4.65802e-05,2.06512e-08
4.66876e-05,2.07529e-08
4.67953e-05,2.0855e-08
4.69032e-05,2.09577e-08
4.70113e-05,2.10608e-08
4.71197e-05,2.11645e-08
4.72284e-05,2.12687e-08
4.73373e-05,2.13734e-08
4.74464e-05,2.14786e-08
4.75558e-05,2.15844e-08
4.76655e-05,2.16906e-08
4.77754e-05,2.17974e-08
4.78855e-05,2.19047e-08
4.79959e-05,2.20126e-08
4.81066e-05,2.21209e-08
4.82175e-05,2.22298e-08
4.83287e-05,2.23393e-08
4.84401e-05,2.24492e-08
4.85518e-05,2.25598e-08
4.86637e-05,2.26708e-08
4.87759e-05,2.27824e-08
4.88884e-05,2.28946e-08
4.90011e-05,2.30073e-08
4.91141e-05,2.31206e-08
4.92274e-05,2.32344e-08
4.93409e-05,2.33488e-08
4.94546e-05,2.34638e-08
4.95687e-05,2.35793e-08
4.96829e-05,2.36954e-08
4.97975e-05,2.38121e-08
4.99123e-05,2.39293e-08
5.00274e-05,2.40472e-08
5.01427e-05,2.41656e-08
5.02584e-05,2.42845e-08
5.03742e-05,2.44041e-08
5.04904e-05,2.45243e-08
5.06068e-05,2.4645e-08
5.07235e-05,2.47664e-08
5.08404e-05,2.48883e-08
5.09577e-05,2.50109e-08
5.10752e-05,2.5134e-08
5.11929e-05,2.52578e-08
5.1311e-05,2.53822e-08
5.14293e-05,2.55072e-08
5.15478e-05,2.56328e-08
5.16667e-05,2.5759e-08
5.17858e-05,2.58858e-08
5.19052e-05,2.60133e-08
5.20249e-05,2.61414e-08
5.21449e-05,2.62701e-08
5.22651e-05,2.63995e-08
5.23856e-05,2.65295e-08
5.25064e-05,2.66602e-08
5.26274e-05,2.67914e-08
5.27488e-05,2.69234e-08
5.28704e-05,2.7056e-08
5.29923e-05,2.71892e-08
5.31145e-05,2.73231e-08
5.3237e-05,2.74577e-08
5.33597e-05,2.75929e-08
5.34827e-05,2.77288e-08
5.36061e-05,2.78654e-08
5.37297e-05,2.80026e-08
5.38535e-05,2.81405e-08
5.39777e-05,2.82791e-08
5.41022e-05,2.84184e-08
5.42269e-05,2.85583e-08
5.43519e-05,2.8699e-08
5.44773e-05,2.88403e-08
5.46029e-05,2.89824e-08
5.47288e-05,2.91251e-08
5.4855e-05,2.92686e-08
5.49814e-05,2.94127e-08
5.51082e-05,2.95576e-08
5.52353e-05,2.97032e-08
5.53626e-05,2.98495e-08
5.54903e-05,2.99965e-08
5.56182e-05,3.01443e-08
5.57465e-05,3.02927e-08
5.5875e-05,3.04419e-08
5.60038e-05,3.05919e-08
5.6133e-05,3.07426e-08
5.62624e-05,3.0894e-08
5.63921e-05,3.10462e-08
5.65221e-05,3.11991e-08
5.66525e-05,3.13528e-08
5.67831e-05,3.15072e-08
5.6914e-05,3.16624e-08
5.70452e-05,3.18184e-08
5.71768e-05,3.19751e-08
5.73086e-05,3.21326e-08
5.74407e-05,3.22909e-08
5.75732e-05,3.245e-08
5.77059e-05,3.26099e-08
5.7839e-05,3.27705e-08
5.79723e-05,3.29319e-08
5.8106e-05,3.30942e-08
5.824e-05,3.32572e-08
5.83742e-05,3.3421e-08
5.85088e-05,3.35857e-08
5.86437e-05,3.37511e-08
5.8779e-05,3.39174e-08
5.89145e-05,3.40845e-08
5.90503e-05,3.42524e-08
5.91865e-05,3.44212e-08
5.93229e-05,3.45907e-08
5.94597e-05,3.47612e-08
5.95968e-05,3.49324e-08
5.97342e-05,3.51045e-08
5.9872e-05,3.52775e-08
6.001e-05,3.54513e-08
6.01484e-05,3.56259e-08
6.02871e-05,3.58015e-08
6.04261e-05,3.59779e-08
6.05654e-05,3.61551e-08
6.0705e-05,3.63333e-08
6.0845e-05,3.65123e-08
6.09853e-05,3.66922e-08
6.11259e-05,3.6873e-08
6.12668e-05,3.70546e-08
6.14081e-05,3.72372e-08
6.15497e-05,3.74207e-08
6.16916e-05,3.76051e-08
6.18339e-05,3.77904e-08
6.19764e-05,3.79766e-08
6.21193e-05,3.81637e-08
6.22626e-05,3.83518e-08
6.24061e-05,3.85407e-08
6.255e-05,3.87306e-08
6.26942e-05,3.89215e-08
6.28388e-05,3.91133e-08
6.29837e-05,3.9306e-08
6.31289e-05,3.94997e-08
6.32744e-05,3.96944e-08
6.34203e-05,3.989e-08
6.35666e-05,4.00865e-08
6.37131e-05,4.02841e-08
6.386e-05,4.04826e-08
6.40073e-05,4.06821e-08
6.41549e-05,4.08826e-08
6.43028e-05,4.1084e-08
6.4451e-05,4.12865e-08
6.45996e-05,4.149e-08
6.47486e-05,4.16944e-08
6.48979e-05,4.18999e-08
6.50475e-05,4.21064e-08
6.51975e-05,4.23139e-08
6.53478e-05,4.25224e-08
6.54985e-05,4.2732e-08
6.56495e-05,4.29426e-08
6.58009e-05,4.31542e-08
6.59526e-05,4.33669e-08
6.61047e-05,4.35807e-08
6.62571e-05,4.37954e-08
6.64099e-05,4.40113e-08
6.6563e-05,4.42282e-08
6.67164e-05,4.44462e-08
6.68703e-05,4.46652e-08
6.70245e-05,4.48854e-08
6.7179e-05,4.51066e-08
6.73339e-05,4.53289e-08
6.74891e-05,4.55524e-08
6.76448e-05,4.57769e-08
6.78007e-05,4.60025e-08
6.7957e-05,4.62293e-08
6.81137e-05,4.64571e-08
6.82708e-05,4.66861e-08
6.84282e-05,4.69162e-08
6.8586e-05,4.71475e-08
6.87441e-05,4.73799e-08
6.89026e-05,4.76134e-08
6.90615e-05,4.78481e-08
6.92207e-05,4.8084e-08
6.93803e-05,4.8321e-08
6.95403e-05,4.85592e-08
6.97006e-05,4.87986e-08
6.98613e-05,4.90391e-08
7.00224e-05,4.92808e-08
7.01839e-05,4.95238e-08
7.03457e-05,4.97679e-08
7.05079e-05,5.00132e-08
7.06705e-05,5.02598e-08
7.08334e-05,5.05076e-08
7.09967e-05,5.07565e-08
7.11604e-05,5.10068e-08
7.13245e-05,5.12582e-08
7.14889e-05,5.15109e-08
7.16538e-05,5.17649e-08
7.1819e-05,5.20201e-08
7.19846e-05,5.22765e-08
7.21506e-05,5.25342e-08
7.23169e-05,5.27932e-08
7.24837e-05,5.30535e-08
7.26508e-05,5.33151e-08
7.28183e-05,5.35779e-08
7.29862e-05,5.38421e-08
7.31545e-05,5.41075e-08
7.33231e-05,5.43743e-08
7.34922e-05,5.46424e-08
7.36617e-05,5.49118e-08
7.38315e-05,5.51825e-08
7.40017e-05,5.54546e-08
7.41724e-05,5.5728e-08
7.43434e-05,5.60028e-08
7.45148e-05,5.62789e-08
7.46866e-05,5.65564e-08
7.48588e-05,5.68352e-08
7.50314e-05,5.71155e-08
7.52044e-05,5.73971e-08
7.53778e-05,5.76801e-08
7.55516e-05,5.79645e-08
7.57258e-05,5.82503e-08
7.59004e-05,5.85376e-08
7.60754e-05,5.88262e-08
7.62508e-05,5.91163e-08
7.64266e-05,5.94078e-08
7.66028e-05,5.97007e-08
7.67795e-05,5.99951e-08
7.69565e-05,6.0291e-08
7.71339e-05,6.05883e-08
7.73118e-05,6.0887e-08
7.749e-05,6.11873e-08
7.76687e-05,6.1489e-08
7.78478e-05,6.17922e-08
7.80273e-05,6.2097e-08
7.82072e-05,6.24032e-08
7.83875e-05,6.27109e-08
7.85683e-05,6.30202e-08
7.87494e-05,6.3331e-08
7.8931e-05,6.36433e-08
7.9113e-05,6.39571e-08
7.92954e-05,6.42726e-08
7.94782e-05,6.45895e-08
7.96615e-05,6.49081e-08
7.98451e-05,6.52282e-08
8.00292e-05,6.55499e-08
8.02138e-05,6.58732e-08
8.03987e-05,6.6198e-08
8.05841e-05,6.65245e-08
8.07699e-05,6.68526e-08
8.09561e-05,6.71823e-08
8.11428e-05,6.75137e-08
8.13299e-05,6.78467e-08
8.15174e-05,6.81813e-08
8.17054e-05,6.85176e-08
8.18937e-05,6.88555e-08
8.20826e-05,6.91951e-08
8.22718e-05,6.95364e-08
8.24615e-05,6.98794e-08
8.26516e-05,7.02241e-08
8.28422e-05,7.05705e-08
8.30332e-05,7.09185e-08
8.32247e-05,7.12683e-08
8.34166e-05,7.16199e-08
8.36089e-05,7.19732e-08
8.38017e-05,7.23282e-08
8.39949e-05,7.26849e-08
8.41886e-05,7.30435e-08
8.43827e-05,7.34038e-08
8.45772e-05,7.37659e-08
8.47723e-05,7.41297e-08
8.49677e-05,7.44954e-08
8.51636e-05,7.48629e-08
8.536e-05,7.52322e-08
8.55568e-05,7.56033e-08
8.57541e-05,7.59763e-08
8.59518e-05,7.63511e-08
8.615e-05,7.67277e-08
8.63486e-05,7.71062e-08
8.65477e-05,7.74866e-08
8.67472e-05,7.78688e-08
8.69473e-05,7.8253e-08
8.71477e-05,7.8639e-08
8.73487e-05,7.9027e-08
8.75501e-05,7.94169e-08
8.77519e-05,7.98087e-08
8.79543e-05,8.02024e-08
8.81571e-05,8.05981e-08
8.83603e-05,8.09957e-08
8.85641e-05,8.13953e-08
8.87683e-05,8.17969e-08
8.89729e-05,8.22005e-08
8.91781e-05,8.2606e-08
8.93837e-05,8.30136e-08
8.95898e-05,8.34231e-08
8.97964e-05,8.38347e-08
9.00034e-05,8.42484e-08
9.02109e-05,8.4664e-08
9.04189e-05,8.50818e-08
9.06274e-05,8.55016e-08
9.08364e-05,8.59234e-08
9.10458e-05,8.63474e-08
9.12557e-05,8.67734e-08
9.14661e-05,8.72016e-08
9.1677e-05,8.76319e-08
9.18884e-05,8.80643e-08
9.21003e-05,8.84988e-08
9.23126e-05,8.89355e-08
9.25255e-05,8.93743e-08
9.27388e-05,8.98153e-08
9.29526e-05,9.02585e-08
9.3167e-05,9.07039e-08
9.33818e-05,9.11515e-08
9.35971e-05,9.16013e-08
9.38129e-05,9.20533e-08
9.40292e-05,9.25076e-08
9.4246e-05,9.29641e-08
9.44633e-05,9.34228e-08
9.46811e-05,9.38838e-08
9.48994e-05,9.43471e-08
9.51182e-05,9.48127e-08
9.53375e-05,9.52806e-08
9.55574e-05,9.57508e-08
9.57777e-05,9.62234e-08
9.59985e-05,9.66982e-08
9.62199e-05,9.71754e-08
9.64417e-05,9.7655e-08
9.66641e-05,9.81369e-08
9.6887e-05,9.86213e-08
9.71103e-05,9.9108e-08
9.73343e-05,9.95971e-08
9.75587e-05,1.00089e-07
9.77836e-05,1.00583e-07
9.80091e-05,1.01079e-07
9.82351e-05,1.01578e-07
9.84616e-05,1.02079e-07
9.86886e-05,1.02583e-07
9.89161e-05,1.03089e-07
9.91442e-05,1.03598e-07
9.93728e-05,1.0411e-07
9.96019e-05,1.04623e-07
9.98316e-05,1.0514e-07
0.000100062,1.05659e-07
0.000100292,1.0618e-07
0.000100524,1.06704e-07
0.000100755,1.07231e-07
0.000100988,1.0776e-07
0.000101221,1.08292e-07
0.000101454,1.08827e-07
0.000101688,1.09364e-07
0.000101922,1.09904e-07
0.000102157,1.10446e-07
0.000102393,1.10991e-07
0.000102629,1.11539e-07
0.000102866,1.1209e-07
0.000103103,1.12643e-07
0.000103341,1.13199e-07
0.000103579,1.13758e-07
0.000103818,1.1432e-07
0.000104057,1.14884e-07
0.000104297,1.15451e-07
0.000104537,1.16021e-07
0.000104778,1.16594e-07
0.00010502,1.17169e-07
0.000105262,1.17748e-07
0.000105505,1.18329e-07
0.000105748,1.18913e-07
0.000105992,1.195e-07
0.000106236,1.2009e-07
0.000106481,1.20683e-07
0.000106727,1.21279e-07
0.000106973,1.21878e-07
0.00010722,1.22479e-07
0.000107467,1.23084e-07
0.000107715,1.23692e-07
0.000107963,1.24302e-07
0.000108212,1.24916e-07
0.000108461,1.25533e-07
0.000108711,1.26153e-07
0.000108962,1.26776e-07
0.000109213,1.27401e-07
0.000109465,1.2803e-07
0.000109718,1.28663e-07
0.000109971,1.29298e-07
0.000110224,1.29936e-07
0.000110478,1.30578e-07
0.000110733,1.31223e-07
0.000110988,1.31871e-07
0.000111244,1.32522e-07
0.000111501,1.33176e-07
0.000111758,1.33834e-07
0.000112015,1.34494e-07
0.000112274,1.35159e-07
0.000112533,1.35826e-07
0.000112792,1.36497e-07
0.000113052,1.37171e-07
0.000113313,1.37848e-07
0.000113574,1.38529e-07
0.000113836,1.39213e-07
0.000114098,1.399e-07
0.000114361,1.40591e-07
0.000114625,1.41285e-07
0.000114889,1.41983e-07
0.000115154,1.42684e-07
0.00011542,1.43389e-07
0.000115686,1.44097e-07
0.000115953,1.44809e-07
0.00011622,1.45524e-07
0.000116488,1.46242e-07
0.000116757,1.46965e-07
0.000117026,1.4769e-07
0.000117296,1.4842e-07
0.000117566,1.49153e-07
0.000117837,1.49889e-07
0.000118109,1.5063e-07
0.000118381,1.51374e-07
0.000118654,1.52121e-07
0.000118928,1.52873e-07
0.000119202,1.53628e-07
0.000119477,1.54386e-07
0.000119752,1.55149e-07
0.000120028,1.55915e-07
0.000120305,1.56685e-07
0.000120583,1.57459e-07
0.000120861,1.58237e-07
0.000121139,1.59019e-07
0.000121419,1.59804e-07
0.000121698,1.60593e-07
0.000121979,1.61386e-07
0.00012226,1.62184e-07
0.000122542,1.62985e-07
0.000122825,1.6379e-07
0.000123108,1.64599e-07
0.000123392,1.65412e-07
0.000123676,1.66229e-07
0.000123961,1.6705e-07
0.000124247,1.67875e-07
0.000124534,1.68705e-07
0.000124821,1.69538e-07
0.000125109,1.70375e-07
0.000125397,1.71217e-07
0.000125686,1.72063e-07
0.000125976,1.72913e-07
0.000126267,1.73767e-07
0.000126558,1.74625e-07
0.000126849,1.75488e-07
0.000127142,1.76355e-07
0.000127435,1.77226e-07
0.000127729,1.78102e-07
0.000128023,1.78982e-07
0.000128319,1.79866e-07
0.000128614,1.80754e-07
0.000128911,1.81647e-07
0.000129208,1.82545e-07
0.000129506,1.83447e-07
0.000129805,1.84353e-07
0.000130104,1.85264e-07
0.000130404,1.86179e-07
0.000130705,1.87099e-07
0.000131006,1.88023e-07
0.000131308,1.88952e-07
0.000131611,1.89886e-07
0.000131914,1.90824e-07
0.000132219,1.91767e-07
0.000132523,1.92714e-07
0.000132829,1.93667e-07
0.000133135,1.94624e-07
0.000133442,1.95585e-07
0.00013375,1.96552e-07
0.000134058,1.97523e-07
0.000134367,1.98499e-07
0.000134677,1.9948e-07
0.000134988,2.00465e-07
0.000135299,2.01456e-07
0.000135611,2.02451e-07
0.000135924,2.03452e-07
0.000136237,2.04457e-07
0.000136551,2.05467e-07
0.000136866,2.06483e-07
0.000137181,2.07503e-07
0.000137498,2.08528e-07
0.000137815,2.09559e-07
0.000138133,2.10594e-07
0.000138451,2.11635e-07
0.00013877,2.12681e-07
0.00013909,2.13732e-07
0.000139411,2.14788e-07
0.000139732,2.1585e-07
0.000140055,2.16916e-07
0.000140378,2.17988e-07
0.000140701,2.19066e-07
0.000141026,2.20148e-07
0.000141351,2.21236e-07
0.000141677,2.2233e-07
0.000142003,2.23428e-07
0.000142331,2.24533e-07
0.000142659,2.25642e-07
0.000142988,2.26757e-07
0.000143318,2.27878e-07
0.000143648,2.29004e-07
0.000143979,2.30136e-07
0.000144311,2.31274e-07
0.000144644,2.32417e-07
0.000144977,2.33566e-07
0.000145312,2.3472e-07
0.000145647,2.3588e-07
0.000145983,2.37046e-07
0.000146319,2.38218e-07
0.000146657,2.39395e-07
0.000146995,2.40578e-07
0.000147334,2.41767e-07
0.000147673,2.42963e-07
0.000148014,2.44163e-07
0.000148355,2.4537e-07
0.000148697,2.46583e-07
0.00014904,2.47802e-07
0.000149384,2.49027e-07
0.000149728,2.50258e-07
0.000150073,2.51495e-07
0.000150419,2.52738e-07
0.000150766,2.53988e-07
0.000151114,2.55243e-07
0.000151462,2.56505e-07
0.000151811,2.57773e-07
0.000152161,2.59047e-07
0.000152512,2.60328e-07
0.000152864,2.61615e-07
0.000153216,2.62908e-07
0.00015357,2.64208e-07
0.000153924,2.65514e-07
0.000154279,2.66827e-07
0.000154634,2.68146e-07
0.000154991,2.69471e-07
0.000155348,2.70804e-07
0.000155706,2.72142e-07
0.000156065,2.73488e-07
0.000156425,2.7484e-07
0.000156786,2.76199e-07
0.000157147,2.77564e-07
0.00015751,2.78937e-07
0.000157873,2.80316e-07
0.000158237,2.81702e-07
0.000158602,2.83094e-07
0.000158967,2.84494e-07
0.000159334,2.85901e-07
0.000159701,2.87314e-07
0.00016007,2.88735e-07
0.000160439,2.90163e-07
0.000160809,2.91597e-07
0.000161179,2.93039e-07
0.000161551,2.94488e-07
0.000161924,2.95944e-07
0.000162297,2.97408e-07
0.000162671,2.98878e-07
0.000163046,3.00356e-07
0.000163422,3.01841e-07
0.000163799,3.03334e-07
0.000164177,3.04834e-07
0.000164555,3.06341e-07
0.000164935,3.07856e-07
0.000165315,3.09378e-07
0.000165696,3.10908e-07
0.000166078,3.12446e-07
0.000166461,3.13991e-07
0.000166845,3.15543e-07
0.000167229,3.17104e-07
0.000167615,3.18672e-07
0.000168001,3.20248e-07
0.000168389,3.21832e-07
0.000168777,3.23423e-07
0.000169166,3.25023e-07
0.000169556,3.2663e-07
0.000169947,3.28245e-07
0.000170339,3.29869e-07
0.000170732,3.315e-07
0.000171125,3.3314e-07
0.00017152,3.34787e-07
0.000171916,3.36443e-07
0.000172312,3.38107e-07
0.000172709,3.39779e-07
0.000173107,3.4146e-07
0.000173507,3.43149e-07
0.000173907,3.44846e-07
0.000174308,3.46551e-07
0.00017471,3.48265e-07
0.000175112,3.49988e-07
0.000175516,3.51719e-07
0.000175921,3.53459e-07
0.000176326,3.55207e-07
0.000176733,3.56964e-07
0.00017714,3.5873e-07
0.000177549,3.60504e-07
0.000177958,3.62287e-07
0.000178369,3.64079e-07
0.00017878,3.6588e-07
0.000179192,3.6769e-07
0.000179605,3.69509e-07
0.000180019,3.71337e-07
0.000180434,3.73173e-07
0.00018085,3.75019e-07
0.000181267,3.76875e-07
0.000181685,3.78739e-07
0.000182104,3.80612e-07
0.000182524,3.82495e-07
0.000182945,3.84387e-07
0.000183367,3.86289e-07
0.00018379,3.882e-07
0.000184213,3.9012e-07
0.000184638,3.9205e-07
0.000185064,3.9399e-07
0.000185491,3.95939e-07
0.000185918,3.97898e-07
0.000186347,3.99866e-07
0.000186777,4.01845e-07
0.000187207,4.03833e-07
0.000187639,4.05831e-07
0.000188071,4.07838e-07
0.000188505,4.09856e-07
0.00018894,4.11884e-07
0.000189375,4.13922e-07
0.000189812,4.1597e-07
0.00019025,4.18028e-07
0.000190688,4.20096e-07
0.000191128,4.22174e-07
0.000191569,4.24263e-07
0.00019201,4.26363e-07
0.000192453,4.28472e-07
0.000192897,4.30592e-07
0.000193342,4.32723e-07
0.000193787,4.34864e-07
0.000194234,4.37016e-07
0.000194682,4.39178e-07
0.000195131,4.41351e-07
0.000195581,4.43535e-07
0.000196032,4.4573e-07
0.000196484,4.47935e-07
0.000196937,4.50152e-07
0.000197391,4.52379e-07
0.000197846,4.54618e-07
0.000198302,4.56867e-07
0.000198759,4.59128e-07
0.000199218,4.614e-07
0.000199677,4.63684e-07
0.000200137,4.65978e-07
0.000200599,4.68284e-07
0.000201061,4.70601e-07
0.000201525,4.7293e-07
0.00020199,4.75271e-07
0.000202455,4.77623e-07
0.000202922,4.79987e-07
0.00020339,4.82362e-07
0.000203859,4.84749e-07
0.000204329,4.87148e-07
0.0002048,4.89559e-07
0.000205272,4.91982e-07
0.000205746,4.94417e-07
0.00020622,4.96864e-07
0.000206696,4.99323e-07
0.000207172,5.01794e-07
0.00020765,5.04278e-07
0.000208129,5.06774e-07
0.000208608,5.09282e-07
0.000209089,5.11802e-07
0.000209572,5.14336e-07
0.000210055,5.16881e-07
0.000210539,5.1944e-07
0.000211025,5.22011e-07
0.000211511,5.24595e-07
0.000211999,5.27191e-07
0.000212488,5.29801e-07
0.000212978,5.32423e-07
0.000213469,5.35058e-07
0.000213961,5.37707e-07
0.000214454,5.40369e-07
0.000214949,5.43043e-07
0.000215444,5.45731e-07
0.000215941,5.48433e-07
0.000216439,5.51148e-07
0.000216938,5.53876e-07
0.000217438,5.56618e-07
0.000217939,5.59373e-07
0.000218442,5.62142e-07
0.000218946,5.64925e-07
0.00021945,5.67722e-07
0.000219956,5.70532e-07
0.000220464,5.73356e-07
0.000220972,5.76195e-07
0.000221481,5.79047e-07
0.000221992,5.81914e-07
0.000222504,5.84795e-07
0.000223017,5.8769e-07
0.000223531,5.90599e-07
0.000224046,5.93523e-07
0.000224563,5.96462e-07
0.000225081,5.99415e-07
0.0002256,6.02382e-07
0.00022612,6.05365e-07
0.000226641,6.08362e-07
0.000227164,6.11374e-07
0.000227688,6.14401e-07
0.000228213,6.17443e-07
0.000228739,6.205e-07
0.000229266,6.23572e-07
0.000229795,6.2666e-07
0.000230325,6.29762e-07
0.000230856,6.32881e-07
0.000231388,6.36014e-07
0.000231922,6.39163e-07
0.000232456,6.42328e-07
0.000232992,6.45509e-07
0.000233529,6.48705e-07
0.000234068,6.51917e-07
0.000234608,6.55145e-07
0.000235149,6.58389e-07
0.000235691,6.6165e-07
0.000236234,6.64926e-07
0.000236779,6.68219e-07
0.000237325,6.71527e-07
0.000237872,6.74853e-07
0.00023842,6.78195e-07
0.00023897,6.81553e-07
0.000239521,6.84928e-07
0.000240073,6.8832e-07
0.000240627,6.91729e-07
0.000241182,6.95154e-07
0.000241738,6.98597e-07
0.000242295,7.02057e-07
0.000242854,7.05533e-07
0.000243414,7.09027e-07
0.000243975,7.12539e-07
0.000244538,7.16068e-07
0.000245101,7.19614e-07
0.000245667,7.23178e-07
0.000246233,7.2676e-07
0.000246801,7.30359e-07
0.00024737,7.33976e-07
0.00024794,7.37611e-07
0.000248512,7.41265e-07
0.000249085,7.44936e-07
0.000249659,7.48626e-07
0.000250235,7.52333e-07
0.000250812,7.5606e-07
0.00025139,7.59804e-07
0.00025197,7.63568e-07
0.000252551,7.6735e-07
0.000253133,7.71151e-07
0.000253717,7.7497e-07
0.000254302,7.78809e-07
0.000254888,7.82667e-07
0.000255476,7.86543e-07
0.000256065,7.90439e-07
0.000256655,7.94355e-07
0.000257247,7.9829e-07
0.00025784,8.02244e-07
0.000258435,8.06218e-07
0.00025903,8.10211e-07
0.000259628,8.14225e-07
0.000260226,8.18258e-07
0.000260826,8.22312e-07
0.000261428,8.26385e-07
0.00026203,8.30479e-07
0.000262635,8.34593e-07
0.00026324,8.38728e-07
0.000263847,8.42883e-07
0.000264455,8.47058e-07
0.000265065,8.51255e-07
0.000265676,8.55472e-07
0.000266289,8.5971e-07
0.000266903,8.63969e-07
0.000267518,8.68249e-07
0.000268135,8.72551e-07
0.000268753,8.76874e-07
0.000269373,8.81218e-07
0.000269994,8.85584e-07
0.000270617,8.89972e-07
0.000271241,8.94381e-07
0.000271866,8.98812e-07
0.000272493,9.03265e-07
0.000273121,9.07741e-07
0.000273751,9.12238e-07
0.000274382,9.16758e-07
0.000275015,9.21301e-07
0.000275649,9.25865e-07
0.000276284,9.30453e-07
0.000276921,9.35063e-07
0.00027756,9.39696e-07
0.0002782,9.44353e-07
0.000278841,9.49032e-07
0.000279484,9.53734e-07
0.000280129,9.5846e-07
0.000280775,9.6321e-07
0.000281422,9.67983e-07
0.000282071,9.72779e-07
0.000282721,9.776e-07
0.000283373,9.82444e-07
0.000284026,9.87312e-07
0.000284681,9.92205e-07
0.000285338,9.97122e-07
0.000285996,1.00206e-06
0.000286655,1.00703e-06
0.000287316,1.01202e-06
0.000287978,1.01703e-06
0.000288642,1.02207e-06
0.000289308,1.02714e-06
0.000289975,1.03223e-06
0.000290644,1.03735e-06
0.000291314,1.04249e-06
0.000291985,1.04765e-06
0.000292659,1.05285e-06
0.000293333,1.05806e-06
0.00029401,1.06331e-06
0.000294688,1.06858e-06
0.000295367,1.07387e-06
0.000296048,1.0792e-06
0.000296731,1.08454e-06
0.000297415,1.08992e-06
0.000298101,1.09532e-06
0.000298788,1.10075e-06
0.000299477,1.10621e-06
0.000300167,1.11169e-06
0.00030086,1.1172e-06
0.000301553,1.12274e-06
0.000302248,1.1283e-06
0.000302945,1.13389e-06
0.000303644,1.13951e-06
0.000304344,1.14516e-06
0.000305046,1.15084e-06
0.000305749,1.15654e-06
0.000306454,1.16228e-06
0.000307161,1.16804e-06
0.000307869,1.17383e-06
0.000308579,1.17965e-06
0.00030929,1.18549e-06
0.000310003,1.19137e-06
0.000310718,1.19728e-06
0.000311435,1.20321e-06
0.000312153,1.20918e-06
0.000312872,1.21517e-06
0.000313594,1.22119e-06
0.000314317,1.22725e-06
0.000315041,1.23333e-06
0.000315768,1.23945e-06
0.000316496,1.24559e-06
0.000317226,1.25177e-06
0.000317957,1.25797e-06
0.00031869,1.26421e-06
0.000319425,1.27048e-06
0.000320162,1.27677e-06
0.0003209,1.2831e-06
0.00032164,1.28947e-06
0.000322381,1.29586e-06
0.000323125,1.30228e-06
0.00032387,1.30874e-06
0.000324616,1.31523e-06
0.000325365,1.32175e-06
0.000326115,1.3283e-06
0.000326867,1.33489e-06
0.000327621,1.34151e-06
0.000328376,1.34816e-06
0.000329133,1.35484e-06
0.000329892,1.36156e-06
0.000330653,1.36831e-06
0.000331415,1.3751e-06
0.000332179,1.38192e-06
0.000332945,1.38877e-06
0.000333713,1.39566e-06
0.000334482,1.40258e-06
0.000335253,1.40953e-06
0.000336026,1.41652e-06
0.000336801,1.42354e-06
0.000337578,1.4306e-06
0.000338356,1.4377e-06
0.000339136,1.44483e-06
0.000339918,1.45199e-06
0.000340702,1.45919e-06
0.000341487,1.46643e-06
0.000342275,1.4737e-06
0.000343064,1.48101e-06
0.000343855,1.48835e-06
0.000344648,1.49573e-06
0.000345442,1.50315e-06
0.000346239,1.51061e-06
0.000347037,1.5181e-06
0.000347837,1.52563e-06
0.000348639,1.53319e-06
0.000349443,1.5408e-06
0.000350249,1.54844e-06
0.000351057,1.55612e-06
0.000351866,1.56384e-06
0.000352677,1.57159e-06
0.00035349,1.57939e-06
0.000354306,1.58722e-06
0.000355122,1.59509e-06
0.000355941,1.603e-06
0.000356762,1.61096e-06
0.000357585,1.61895e-06
0.000358409,1.62698e-06
0.000359235,1.63505e-06
0.000360064,1.64316e-06
0.000360894,1.65131e-06
0.000361726,1.6595e-06
0.00036256,1.66773e-06
0.000363396,1.676e-06
0.000364234,1.68431e-06
0.000365074,1.69267e-06
0.000365915,1.70106e-06
0.000366759,1.7095e-06
0.000367605,1.71798e-06
0.000368452,1.7265e-06
0.000369302,1.73507e-06
0.000370153,1.74368e-06
0.000371007,1.75233e-06
0.000371862,1.76102e-06
0.00037272,1.76976e-06
0.000373579,1.77853e-06
0.00037444,1.78736e-06
0.000375304,1.79622e-06
0.000376169,1.80514e-06
0.000377036,1.81409e-06
0.000377906,1.82309e-06
0.000378777,1.83214e-06
0.00037965,1.84122e-06
0.000380526,1.85036e-06
0.000381403,1.85954e-06
0.000382283,1.86877e-06
0.000383164,1.87804e-06
0.000384047,1.88735e-06
0.000384933,1.89672e-06
0.000385821,1.90613e-06
0.00038671,1.91559e-06
0.000387602,1.92509e-06
0.000388495,1.93464e-06
0.000389391,1.94424e-06
0.000390289,1.95389e-06
0.000391189,1.96358e-06
0.000392091,1.97333e-06
0.000392995,1.98312e-06
0.000393901,1.99296e-06
0.000394809,2.00285e-06
0.00039572,2.01278e-06
0.000396632,2.02277e-06
0.000397547,2.03281e-06
0.000398463,2.0429e-06
0.000399382,2.05303e-06
0.000400303,2.06322e-06
0.000401226,2.07346e-06
0.000402151,2.08375e-06
0.000403078,2.09409e-06
0.000404007,2.10448e-06
0.000404939,2.11492e-06
0.000405873,2.12542e-06
0.000406808,2.13597e-06
0.000407746,2.14657e-06
0.000408687,2.15722e-06
0.000409629,2.16792e-06
0.000410573,2.17868e-06
0.00041152,2.1895e-06
0.000412469,2.20036e-06
0.00041342,2.21128e-06
0.000414373,2.22226e-06
0.000415329,2.23328e-06
0.000416286,2.24437e-06
0.000417246,2.25551e-06
0.000418208,2.2667e-06
0.000419172,2.27795e-06
0.000420139,2.28926e-06
0.000421107,2.30062e-06
0.000422078,2.31204e-06
0.000423052,2.32351e-06
0.000424027,2.33505e-06
0.000425005,2.34664e-06
0.000425985,2.35828e-06
0.000426967,2.36999e-06
0.000427951,2.38175e-06
0.000428938,2.39357e-06
0.000429927,2.40546e-06
0.000430918,2.4174e-06
0.000431912,2.42939e-06
0.000432908,2.44145e-06
0.000433906,2.45357e-06
0.000434906,2.46575e-06
0.000435909,2.47799e-06
0.000436914,2.49029e-06
0.000437922,2.50265e-06
0.000438931,2.51508e-06
0.000439943,2.52756e-06
0.000440958,2.54011e-06
0.000441974,2.55272e-06
0.000442993,2.56539e-06
0.000444015,2.57813e-06
0.000445039,2.59093e-06
0.000446065,2.60379e-06
0.000447093,2.61672e-06
0.000448124,2.62971e-06
0.000449157,2.64276e-06
0.000450193,2.65588e-06
0.000451231,2.66907e-06
0.000452271,2.68232e-06
0.000453314,2.69564e-06
0.000454359,2.70902e-06
0.000455407,2.72247e-06
0.000456457,2.73598e-06
0.00045751,2.74957e-06
0.000458564,2.76322e-06
0.000459622,2.77694e-06
0.000460681,2.79073e-06
0.000461744,2.80458e-06
0.000462808,2.81851e-06
0.000463875,2.8325e-06
0.000464945,2.84657e-06
0.000466017,2.8607e-06
0.000467091,2.87491e-06
0.000468168,2.88918e-06
0.000469248,2.90353e-06
0.00047033,2.91794e-06
0.000471414,2.93243e-06
0.000472501,2.94699e-06
0.000473591,2.96163e-06
0.000474683,2.97633e-06
0.000475777,2.99111e-06
0.000476874,3.00597e-06
0.000477974,3.02089e-06
0.000479076,3.0359e-06
0.00048018,3.05097e-06
0.000481287,3.06612e-06
0.000482397,3.08135e-06
0.000483509,3.09665e-06
0.000484624,3.11203e-06
0.000485742,3.12748e-06
0.000486862,3.14302e-06
0.000487984,3.15863e-06
0.000489109,3.17431e-06
0.000490237,3.19008e-06
0.000491367,3.20592e-06
0.0004925,3.22184e-06
0.000493636,3.23784e-06
0.000494774,3.25392e-06
0.000495915,3.27008e-06
0.000497058,3.28633e-06
0.000498204,3.30265e-06
0.000499353,3.31905e-06
0.000500504,3.33554e-06
0.000501658,3.3521e-06
0.000502815,3.36875e-06
0.000503974,3.38548e-06
0.000505136,3.4023e-06
0.000506301,3.4192e-06
0.000507469,3.43618e-06
0.000508639,3.45325e-06
0.000509811,3.4704e-06
0.000510987,3.48764e-06
0.000512165,3.50496e-06
0.000513346,3.52237e-06
0.00051453,3.53987e-06
0.000515716,3.55746e-06
0.000516905,3.57513e-06
0.000518097,3.59289e-06
0.000519291,3.61073e-06
0.000520489,3.62867e-06
0.000521689,3.6467e-06
0.000522892,3.66481e-06
0.000524097,3.68302e-06
0.000525306,3.70131e-06
0.000526517,3.7197e-06
0.000527731,3.73818e-06
0.000528948,3.75675e-06
0.000530167,3.77541e-06
0.00053139,3.79417e-06
0.000532615,3.81302e-06
0.000533843,3.83196e-06
0.000535074,3.851e-06
0.000536308,3.87013e-06
0.000537544,3.88936e-06
0.000538784,3.90868e-06
0.000540026,3.9281e-06
0.000541271,3.94762e-06
0.000542519,3.96723e-06
0.00054377,3.98694e-06
0.000545024,4.00675e-06
0.00054628,4.02666e-06
0.00054754,4.04667e-06
0.000548802,4.06677e-06
0.000550068,4.08698e-06
0.000551336,4.10729e-06
0.000552607,4.1277e-06
0.000553881,4.14821e-06
0.000555158,4.16882e-06
0.000556438,4.18953e-06
0.000557721,4.21035e-06
0.000559007,4.23127e-06
0.000560296,4.2523e-06
0.000561588,4.27343e-06
0.000562883,4.29466e-06
0.000564181,4.316e-06
0.000565482,4.33745e-06
0.000566786,4.359e-06
0.000568092,4.38067e-06
0.000569402,4.40244e-06
0.000570715,4.42431e-06
0.000572031,4.4463e-06
0.00057335,4.4684e-06
0.000574672,4.4906e-06
0.000575997,4.51292e-06
0.000577325,4.53535e-06
0.000578656,4.55789e-06
0.00057999,4.58054e-06
0.000581328,4.6033e-06
0.000582668,4.62618e-06
0.000584011,4.64917e-06
0.000585358,4.67228e-06
0.000586708,4.6955e-06
0.00058806,4.71884e-06
0.000589416,4.74229e-06
0.000590775,4.76586e-06
0.000592137,4.78955e-06
0.000593503,4.81335e-06
0.000594871,4.83728e-06
0.000596243,4.86132e-06
0.000597618,4.88548e-06
0.000598995,4.90976e-06
0.000600377,4.93417e-06
0.000601761,4.95869e-06
0.000603148,4.98334e-06
0.000604539,5.00811e-06
0.000605933,5.03301e-06
0.00060733,5.05802e-06
0.00060873,5.08317e-06
0.000610134,5.10843e-06
0.000611541,5.13383e-06
0.000612951,5.15935e-06
0.000614364,5.18499e-06
0.000615781,5.21077e-06
0.0006172,5.23667e-06
0.000618623,5.2627e-06
0.00062005,5.28887e-06
0.000621479,5.31516e-06
0.000622912,5.34158e-06
0.000624349,5.36813e-06
0.000625788,5.39482e-06
0.000627231,5.42164e-06
0.000628677,5.44859e-06
0.000630127,5.47568e-06
0.00063158,5.50291e-06
0.000633036,5.53026e-06
0.000634495,5.55776e-06
0.000635958,5.58539e-06
0.000637425,5.61316e-06
0.000638894,5.64107e-06
0.000640368,5.66911e-06
0.000641844,5.6973e-06
0.000643324,5.72562e-06
0.000644807,5.75409e-06
0.000646294,5.7827e-06
0.000647784,5.81145e-06
0.000649278,5.84035e-06
0.000650775,5.86939e-06
0.000652275,5.89857e-06
0.000653779,5.9279e-06
0.000655287,5.95738e-06
0.000656798,5.987e-06
0.000658312,6.01677e-06
0.00065983,6.04669e-06
0.000661351,6.07675e-06
0.000662876,6.10697e-06
0.000664404,6.13734e-06
0.000665936,6.16786e-06
0.000667472,6.19853e-06
0.000669011,6.22935e-06
0.000670553,6.26033e-06
0.000672099,6.29146e-06
0.000673649,6.32275e-06
0.000675202,6.35419e-06
0.000676759,6.38579e-06
0.00067832,6.41755e-06
0.000679884,6.44946e-06
0.000681451,6.48153e-06
0.000683022,6.51377e-06
0.000684597,6.54616e-06
0.000686176,6.57872e-06
0.000687758,6.61144e-06
0.000689344,6.64432e-06
0.000690933,6.67736e-06
0.000692526,6.71057e-06
0.000694123,6.74395e-06
0.000695723,6.77749e-06
0.000697327,6.8112e-06
0.000698935,6.84507e-06
0.000700547,6.87912e-06
0.000702162,6.91333e-06
0.000703781,6.94772e-06
0.000705404,6.98228e-06
0.00070703,7.01701e-06
0.00070866,7.05191e-06
0.000710294,7.08698e-06
0.000711932,7.12224e-06
0.000713574,7.15766e-06
0.000715219,7.19327e-06
0.000716868,7.22905e-06
0.000718521,7.265e-06
0.000720177,7.30114e-06
0.000721838,7.33746e-06
0.000723502,7.37396e-06
0.000725171,7.41064e-06
0.000726843,7.44751e-06
0.000728518,7.48455e-06
0.000730198,7.52179e-06
0.000731882,7.5592e-06
0.000733569,7.59681e-06
0.000735261,7.6346e-06
0.000736956,7.67258e-06
0.000738655,7.71075e-06
0.000740358,7.74911e-06
0.000742065,7.78766e-06
0.000743776,7.8264e-06
0.000745491,7.86534e-06
0.00074721,7.90447e-06
0.000748933,7.9438e-06
0.00075066,7.98332e-06
0.000752391,8.02304e-06
0.000754125,8.06295e-06
0.000755864,8.10307e-06
0.000757607,8.14338e-06
0.000759354,8.1839e-06
0.000761105,8.22462e-06
0.000762859,8.26554e-06
0.000764618,8.30667e-06
0.000766381,8.348e-06
0.000768148,8.38953e-06
0.00076992,8.43128e-06
0.000771695,8.47323e-06
0.000773474,8.51539e-06
0.000775257,8.55776e-06
0.000777045,8.60034e-06
0.000778837,8.64314e-06
0.000780632,8.68615e-06
0.000782432,8.72937e-06
0.000784236,8.77281e-06
0.000786045,8.81646e-06
0.000787857,8.86033e-06
0.000789673,8.90442e-06
0.000791494,8.94873e-06
0.000793319,8.99327e-06
0.000795148,9.03802e-06
0.000796982,9.083e-06
0.000798819,9.1282e-06
0.000800661,9.17362e-06
0.000802507,9.21928e-06
0.000804358,9.26516e-06
0.000806212,9.31127e-06
0.000808071,9.35761e-06
0.000809934,9.40418e-06
0.000811802,9.45098e-06
0.000813673,9.49801e-06
0.00081555,9.54528e-06
0.00081743,9.59279e-06
0.000819315,9.64053e-06
0.000821204,9.68852e-06
0.000823097,9.73674e-06
0.000824995,9.7852e-06
0.000826897,9.8339e-06
0.000828804,9.88285e-06
0.000830715,9.93203e-06
0.00083263,9.98147e-06
0.00083455,1.00312e-05
0.000836474,1.00811e-05
0.000838403,1.01313e-05
0.000840336,1.01817e-05
0.000842274,1.02324e-05
0.000844216,1.02833e-05
0.000846162,1.03345e-05
0.000848113,1.03859e-05
0.000850069,1.04376e-05
0.000852029,1.04896e-05
0.000853993,1.05418e-05
0.000855962,1.05943e-05
0.000857936,1.0647e-05
0.000859914,1.07e-05
0.000861897,1.07533e-05
0.000863884,1.08068e-05
0.000865876,1.08606e-05
0.000867872,1.09147e-05
0.000869873,1.0969e-05
0.000871879,1.10236e-05
0.000873889,1.10785e-05
0.000875904,1.11336e-05
0.000877924,1.11891e-05
0.000879948,1.12448e-05
0.000881977,1.13008e-05
0.00088401,1.1357e-05
0.000886049,1.14136e-05
0.000888092,1.14704e-05
0.000890139,1.15275e-05
0.000892192,1.15849e-05
0.000894249,1.16426e-05
0.000896311,1.17005e-05
0.000898377,1.17588e-05
0.000900449,1.18173e-05
0.000902525,1.18762e-05
0.000904606,1.19353e-05
0.000906692,1.19947e-05
0.000908782,1.20545e-05
0.000910877,1.21145e-05
0.000912978,1.21748e-05
0.000915083,1.22354e-05
0.000917193,1.22964e-05
0.000919307,1.23576e-05
0.000921427,1.24191e-05
0.000923552,1.2481e-05
0.000925681,1.25431e-05
0.000927815,1.26056e-05
0.000929955,1.26683e-05
0.000932099,1.27314e-05
0.000934248,1.27948e-05
0.000936402,1.28585e-05
0.000938561,1.29226e-05
0.000940725,1.29869e-05
0.000942894,1.30516e-05
0.000945068,1.31166e-05
0.000947247,1.31819e-05
0.000949431,1.32476e-05
0.00095162,1.33135e-05
0.000953815,1.33798e-05
0.000956014,1.34465e-05
0.000958218,1.35134e-05
0.000960427,1.35807e-05
0.000962642,1.36484e-05
0.000964861,1.37164e-05
0.000967086,1.37847e-05
0.000969316,1.38533e-05
0.000971551,1.39223e-05
0.000973791,1.39917e-05
0.000976036,1.40614e-05
0.000978287,1.41314e-05
0.000980542,1.42018e-05
0.000982803,1.42725e-05
0.000985069,1.43436e-05
0.000987341,1.4415e-05
0.000989617,1.44868e-05
0.000991899,1.4559e-05
0.000994186,1.46315e-05
0.000996478,1.47044e-05
0.000998776,1.47777e-05
0.00100108,1.48513e-05
0.00100339,1.49252e-05
0.0010057,1.49996e-05
0.00100802,1.50743e-05
0.00101034,1.51494e-05
0.00101267,1.52249e-05
0.00101501,1.53007e-05
0.00101735,1.53769e-05
0.00101969,1.54535e-05
0.00102204,1.55305e-05
0.0010244,1.56079e-05
0.00102676,1.56856e-05
0.00102913,1.57638e-05
0.0010315,1.58423e-05
0.00103388,1.59212e-05
0.00103627,1.60006e-05
0.00103866,1.60803e-05
0.00104105,1.61604e-05
0.00104345,1.62409e-05
0.00104586,1.63218e-05
0.00104827,1.64031e-05
0.00105068,1.64849e-05
0.00105311,1.6567e-05
0.00105554,1.66495e-05
0.00105797,1.67325e-05
0.00106041,1.68159e-05
0.00106285,1.68996e-05
0.0010653,1.69838e-05
0.00106776,1.70685e-05
0.00107022,1.71535e-05
0.00107269,1.7239e-05
0.00107516,1.73249e-05
0.00107764,1.74112e-05
0.00108013,1.7498e-05
0.00108262,1.75852e-05
0.00108511,1.76728e-05
0.00108762,1.77608e-05
0.00109012,1.78493e-05
0.00109264,1.79383e-05
0.00109516,1.80277e-05
0.00109768,1.81175e-05
0.00110021,1.82078e-05
0.00110275,1.82985e-05
0.00110529,1.83897e-05
0.00110784,1.84814e-05
0.00111039,1.85735e-05
0.00111295,1.8666e-05
0.00111552,1.8759e-05
0.00111809,1.88525e-05
0.00112067,1.89465e-05
0.00112325,1.90409e-05
0.00112584,1.91358e-05
0.00112844,1.92312e-05
0.00113104,1.9327e-05
0.00113365,1.94233e-05
0.00113626,1.95201e-05
0.00113888,1.96174e-05
0.00114151,1.97152e-05
0.00114414,1.98135e-05
0.00114678,1.99122e-05
0.00114942,2.00115e-05
0.00115207,2.01112e-05
0.00115473,2.02114e-05
0.00115739,2.03122e-05
0.00116006,2.04134e-05
0.00116274,2.05152e-05
0.00116542,2.06174e-05
0.0011681,2.07202e-05
0.0011708,2.08235e-05
0.0011735,2.09273e-05
0.0011762,2.10316e-05
0.00117891,2.11364e-05
0.00118163,2.12418e-05
0.00118436,2.13477e-05
0.00118709,2.14541e-05
0.00118983,2.1561e-05
0.00119257,2.16685e-05
0.00119532,2.17765e-05
0.00119807,2.18851e-05
0.00120084,2.19942e-05
0.00120361,2.21038e-05
0.00120638,2.2214e-05
0.00120916,2.23248e-05
0.00121195,2.24361e-05
0.00121474,2.25479e-05
0.00121755,2.26603e-05
0.00122035,2.27733e-05
0.00122317,2.28868e-05
0.00122599,2.30009e-05
0.00122881,2.31156e-05
0.00123165,2.32308e-05
0.00123449,2.33467e-05
0.00123733,2.34631e-05
0.00124019,2.358e-05
0.00124305,2.36976e-05
0.00124591,2.38158e-05
0.00124878,2.39345e-05
0.00125166,2.40538e-05
0.00125455,2.41738e-05
0.00125744,2.42943e-05
0.00126034,2.44154e-05
0.00126325,2.45372e-05
0.00126616,2.46595e-05
0.00126908,2.47825e-05
0.00127201,2.49061e-05
0.00127494,2.50303e-05
0.00127788,2.51551e-05
0.00128082,2.52805e-05
0.00128378,2.54066e-05
0.00128674,2.55333e-05
0.0012897,2.56606e-05
0.00129268,2.57885e-05
0.00129566,2.59171e-05
0.00129865,2.60464e-05
0.00130164,2.61763e-05
0.00130464,2.63068e-05
0.00130765,2.6438e-05
0.00131066,2.65698e-05
0.00131369,2.67023e-05
0.00131672,2.68355e-05
0.00131975,2.69693e-05
0.00132279,2.71038e-05
0.00132584,2.7239e-05
0.0013289,2.73749e-05
0.00133197,2.75114e-05
0.00133504,2.76486e-05
0.00133811,2.77865e-05
0.0013412,2.79251e-05
0.00134429,2.80644e-05
0.00134739,2.82043e-05
0.0013505,2.8345e-05
0.00135361,2.84864e-05
0.00135673,2.86285e-05
0.00135986,2.87712e-05
0.001363,2.89148e-05
0.00136614,2.9059e-05
0.00136929,2.92039e-05
0.00137245,2.93496e-05
0.00137561,2.9496e-05
0.00137878,2.96431e-05
0.00138196,2.9791e-05
0.00138515,2.99396e-05
0.00138834,3.00889e-05
0.00139154,3.0239e-05
0.00139475,3.03898e-05
0.00139797,3.05414e-05
0.00140119,3.06938e-05
0.00140442,3.08469e-05
0.00140766,3.10008e-05
0.00141091,3.11554e-05
0.00141416,3.13109e-05
0.00141742,3.14671e-05
0.00142069,3.1624e-05
0.00142396,3.17818e-05
0.00142725,3.19403e-05
0.00143054,3.20997e-05
0.00143384,3.22598e-05
0.00143714,3.24208e-05
0.00144046,3.25825e-05
0.00144378,3.27451e-05
0.00144711,3.29084e-05
0.00145044,3.30726e-05
0.00145379,3.32376e-05
0.00145714,3.34035e-05
0.0014605,3.35701e-05
0.00146387,3.37376e-05
0.00146724,3.39059e-05
0.00147062,3.40751e-05
0.00147401,3.42451e-05
0.00147741,3.4416e-05
0.00148082,3.45877e-05
0.00148423,3.47603e-05
0.00148766,3.49337e-05
0.00149109,3.5108e-05
0.00149452,3.52832e-05
0.00149797,3.54593e-05
0.00150142,3.56362e-05
0.00150489,3.5814e-05
0.00150836,3.59928e-05
0.00151183,3.61724e-05
0.00151532,3.63529e-05
0.00151881,3.65343e-05
0.00152232,3.67166e-05
0.00152583,3.68998e-05
0.00152934,3.70839e-05
0.00153287,3.7269e-05
0.0015364,3.7455e-05
0.00153995,3.76419e-05
0.0015435,3.78297e-05
0.00154706,3.80185e-05
0.00155062,3.82083e-05
0.0015542,3.8399e-05
0.00155778,3.85906e-05
0.00156137,3.87832e-05
0.00156497,3.89767e-05
0.00156858,3.91713e-05
0.0015722,3.93668e-05
0.00157582,3.95632e-05
0.00157946,3.97607e-05
0.0015831,3.99591e-05
0.00158675,4.01586e-05
0.00159041,4.0359e-05
0.00159407,4.05605e-05
0.00159775,4.07629e-05
0.00160143,4.09664e-05
0.00160513,4.11708e-05
0.00160883,4.13763e-05
0.00161254,4.15829e-05
0.00161625,4.17904e-05
0.00161998,4.1999e-05
0.00162372,4.22086e-05
0.00162746,4.24193e-05
0.00163121,4.26309e-05
0.00163497,4.28437e-05
0.00163874,4.30575e-05
0.00164252,4.32724e-05
0.00164631,4.34883e-05
0.0016501,4.37054e-05
0.00165391,4.39235e-05
0.00165772,4.41427e-05
0.00166155,4.43631e-05
0.00166538,4.45845e-05
0.00166922,4.48071e-05
0.00167306,4.50308e-05
0.00167692,4.52556e-05
0.00168079,4.54816e-05
0.00168466,4.57087e-05
0.00168855,4.5937e-05
0.00169244,4.61664e-05
0.00169634,4.6397e-05
0.00170026,4.66287e-05
0.00170418,4.68617e-05
0.0017081,4.70967e-05
0.00171204,4.73334e-05
0.00171599,4.75713e-05
0.00171995,4.78104e-05
0.00172391,4.80508e-05
0.00172789,4.82923e-05
0.00173187,4.85351e-05
0.00173587,4.87792e-05
0.00173987,4.90245e-05
0.00174388,4.9271e-05
0.0017479,4.95188e-05
0.00175193,4.97678e-05
0.00175597,5.00182e-05
0.00176002,5.02697e-05
0.00176408,5.05226e-05
0.00176814,5.07767e-05
0.00177222,5.10321e-05
0.00177631,5.12889e-05
0.0017804,5.15469e-05
0.00178451,5.18062e-05
0.00178862,5.20668e-05
0.00179275,5.23286e-05
0.00179688,5.25918e-05
0.00180102,5.28563e-05
0.00180518,5.31222e-05
0.00180934,5.33894e-05
0.00181351,5.36579e-05
0.00181769,5.39278e-05
0.00182188,5.41991e-05
0.00182608,5.44717e-05
0.00183029,5.47457e-05
0.00183451,5.50211e-05
0.00183874,5.52979e-05
0.00184298,5.55761e-05
0.00184723,5.58556e-05
0.00185149,5.61366e-05
0.00185576,5.6419e-05
0.00186004,5.67029e-05
0.00186433,5.69881e-05
0.00186863,5.72748e-05
0.00187293,5.7563e-05
0.00187725,5.78525e-05
0.00188158,5.81436e-05
0.00188592,5.84361e-05
0.00189027,5.87301e-05
0.00189463,5.90256e-05
0.00189899,5.93225e-05
0.00190337,5.9621e-05
0.00190776,5.9921e-05
0.00191216,6.02225e-05
0.00191657,6.05255e-05
0.00192099,6.083e-05
0.00192542,6.11361e-05
0.00192986,6.14437e-05
0.00193431,6.17528e-05
0.00193877,6.20636e-05
0.00194324,6.23758e-05
0.00194772,6.26897e-05
0.00195221,6.30051e-05
0.00195671,6.33222e-05
0.00196122,6.36408e-05
0.00196574,6.39611e-05
0.00197028,6.42829e-05
0.00197482,6.46064e-05
0.00197937,6.49315e-05
0.00198394,6.52583e-05
0.00198851,6.55867e-05
0.00199309,6.59167e-05
0.00199769,6.62484e-05
0.0020023,6.65818e-05
0.00200691,6.69169e-05
0.00201154,6.72537e-05
0.00201618,6.75922e-05
0.00202083,6.79323e-05
0.00202549,6.82742e-05
0.00203016,6.86178e-05
0.00203484,6.89632e-05
0.00203953,6.93103e-05
0.00204423,6.96591e-05
0.00204895,7.00097e-05
0.00205367,7.03621e-05
0.0020584,7.07162e-05
0.00206315,7.10722e-05
0.00206791,7.14299e-05
0.00207268,7.17894e-05
0.00207745,7.21508e-05
0.00208224,7.25139e-05
0.00208705,7.2879e-05
0.00209186,7.32458e-05
0.00209668,7.36145e-05
0.00210152,7.39851e-05
0.00210636,7.43575e-05
0.00211122,7.47318e-05
0.00211609,7.5108e-05
0.00212096,7.54861e-05
0.00212585,7.58661e-05
0.00213076,7.6248e-05
0.00213567,7.66318e-05
0.00214059,7.70176e-05
0.00214553,7.74053e-05
0.00215048,7.7795e-05
0.00215543,7.81867e-05
0.0021604,7.85803e-05
0.00216539,7.89759e-05
0.00217038,7.93735e-05
0.00217538,7.97731e-05
0.0021804,8.01748e-05
0.00218543,8.05784e-05
0.00219046,8.09841e-05
0.00219551,8.13919e-05
0.00220058,8.18017e-05
0.00220565,8.22135e-05
0.00221074,8.26275e-05
0.00221583,8.30435e-05
0.00222094,8.34617e-05
0.00222606,8.38819e-05
0.0022312,8.43043e-05
0.00223634,8.47288e-05
0.0022415,8.51554e-05
0.00224667,8.55842e-05
0.00225185,8.60152e-05
0.00225704,8.64483e-05
0.00226224,8.68836e-05
0.00226746,8.73211e-05
0.00227269,8.77609e-05
0.00227793,8.82028e-05
0.00228318,8.8647e-05
0.00228844,8.90934e-05
0.00229372,8.95421e-05
0.00229901,8.9993e-05
0.00230431,9.04462e-05
0.00230962,9.09017e-05
0.00231495,9.13595e-05
0.00232028,9.18197e-05
0.00232563,9.22821e-05
0.002331,9.27469e-05
0.00233637,9.3214e-05
0.00234176,9.36834e-05
0.00234716,9.41553e-05
0.00235257,9.46295e-05
0.00235799,9.51061e-05
0.00236343,9.55852e-05
0.00236888,9.60666e-05
0.00237434,9.65505e-05
0.00237982,9.70368e-05
0.0023853,9.75256e-05
0.0023908,9.80168e-05
0.00239632,9.85105e-05
0.00240184,9.90067e-05
0.00240738,9.95054e-05
0.00241293,0.000100007
0.00241849,0.00010051
0.00242407,0.000101017
0.00242966,0.000101526
0.00243526,0.000102037
0.00244088,0.000102551
0.0024465,0.000103068
0.00245214,0.000103587
0.0024578,0.000104109
0.00246346,0.000104633
0.00246914,0.00010516
0.00247484,0.00010569
0.00248054,0.000106223
0.00248626,0.000106758
0.002492,0.000107296
0.00249774,0.000107836
0.0025035,0.000108379
0.00250927,0.000108926
0.00251506,0.000109474
0.00252086,0.000110026
0.00252667,0.00011058
0.0025325,0.000111137
0.00253834,0.000111697
0.00254419,0.00011226
0.00255005,0.000112826
0.00255593,0.000113394
0.00256183,0.000113966
0.00256773,0.00011454
0.00257365,0.000115117
0.00257959,0.000115697
0.00258554,0.00011628
0.0025915,0.000116866
0.00259747,0.000117455
0.00260346,0.000118047
0.00260946,0.000118642
0.00261548,0.00011924
0.00262151,0.000119841
0.00262756,0.000120444
0.00263361,0.000121051
0.00263969,0.000121662
0.00264577,0.000122275
0.00265187,0.000122891
0.00265799,0.00012351
0.00266412,0.000124133
0.00267026,0.000124758
0.00267642,0.000125387
0.00268259,0.000126019
0.00268877,0.000126654
0.00269497,0.000127292
0.00270119,0.000127934
0.00270741,0.000128579
0.00271366,0.000129227
0.00271991,0.000129878
0.00272618,0.000130533
0.00273247,0.000131191
0.00273877,0.000131852
0.00274508,0.000132517
0.00275141,0.000133185
0.00275776,0.000133856
0.00276412,0.000134531
0.00277049,0.000135209
0.00277688,0.00013589
0.00278328,0.000136575
0.0027897,0.000137264
0.00279613,0.000137956
0.00280258,0.000138651
0.00280904,0.00013935
0.00281552,0.000140053
0.00282201,0.000140759
0.00282851,0.000141468
0.00283504,0.000142182
0.00284157,0.000142898
0.00284812,0.000143619
0.00285469,0.000144343
0.00286127,0.000145071
0.00286787,0.000145802
0.00287448,0.000146537
0.00288111,0.000147276
0.00288775,0.000148018
0.00289441,0.000148765
0.00290109,0.000149515
0.00290777,0.000150269
0.00291448,0.000151026
0.0029212,0.000151788
0.00292793,0.000152553
0.00293469,0.000153322
0.00294145,0.000154095
0.00294823,0.000154872
0.00295503,0.000155653
0.00296185,0.000156438
0.00296867,0.000157227
0.00297552,0.00015802
0.00298238,0.000158817
0.00298926,0.000159617
0.00299615,0.000160422
0.00300306,0.000161231
0.00300998,0.000162044
0.00301692,0.000162862
0.00302388,0.000163683
0.00303085,0.000164508
0.00303784,0.000165338
0.00304484,0.000166172
0.00305186,0.00016701
0.0030589,0.000167852
0.00306595,0.000168699
0.00307302,0.000169549
0.00308011,0.000170405
0.00308721,0.000171264
0.00309433,0.000172128
0.00310146,0.000172996
0.00310861,0.000173868
0.00311578,0.000174745
0.00312296,0.000175627
0.00313016,0.000176513
0.00313738,0.000177403
0.00314462,0.000178298
0.00315187,0.000179197
0.00315913,0.000180101
0.00316642,0.000181009
0.00317372,0.000181922
0.00318104,0.00018284
0.00318837,0.000183762
0.00319572,0.000184689
0.00320309,0.000185621
0.00321048,0.000186557
0.00321788,0.000187498
0.0032253,0.000188444
0.00323273,0.000189395
0.00324019,0.00019035
0.00324766,0.000191311
0.00325515,0.000192276
0.00326265,0.000193246
0.00327017,0.000194221
0.00327771,0.0001952
0.00328527,0.000196185
0.00329285,0.000197175
0.00330044,0.00019817
0.00330805,0.00019917
0.00331568,0.000200174
0.00332332,0.000201184
0.00333098,0.000202199
0.00333866,0.00020322
0.00334636,0.000204245
0.00335408,0.000205276
0.00336181,0.000206311
0.00336956,0.000207352
0.00337733,0.000208398
0.00338512,0.00020945
0.00339292,0.000210507
0.00340075,0.000211569
0.00340859,0.000212637
0.00341645,0.00021371
0.00342432,0.000214788
0.00343222,0.000215872
0.00344013,0.000216961
0.00344807,0.000218056
0.00345602,0.000219156
0.00346398,0.000220262
0.00347197,0.000221374
0.00347998,0.000222491
0.003488,0.000223614
0.00349604,0.000224742
0.0035041,0.000225876
0.00351218,0.000227016
0.00352028,0.000228162
0.0035284,0.000229313
0.00353653,0.000230471
0.00354469,0.000231634
0.00355286,0.000232803
0.00356105,0.000233978
0.00356926,0.000235159
0.00357749,0.000236346
0.00358574,0.000237539
0.00359401,0.000238738
0.0036023,0.000239942
0.0036106,0.000241154
0.00361893,0.000242371
0.00362727,0.000243594
0.00363563,0.000244824
0.00364402,0.000246059
0.00365242,0.000247301
0.00366084,0.00024855
0.00366928,0.000249804
0.00367774,0.000251065
0.00368622,0.000252333
0.00369472,0.000253606
0.00370324,0.000254887
0.00371178,0.000256173
0.00372034,0.000257466
0.00372891,0.000258766
0.00373751,0.000260072
0.00374613,0.000261385
0.00375477,0.000262705
0.00376342,0.000264031
0.0037721,0.000265364
0.0037808,0.000266704
0.00378952,0.00026805
0.00379825,0.000269403
0.00380701,0.000270764
0.00381579,0.000272131
0.00382459,0.000273505
0.00383341,0.000274885
0.00384224,0.000276273
0.0038511,0.000277668
0.00385998,0.00027907
0.00386888,0.000280479
0.0038778,0.000281895
0.00388674,0.000283319
0.00389571,0.000284749
0.00390469,0.000286187
0.00391369,0.000287632
0.00392272,0.000289084
0.00393176,0.000290544
0.00394083,0.000292011
0.00394991,0.000293486
0.00395902,0.000294968
0.00396815,0.000296457
0.0039773,0.000297954
0.00398647,0.000299459
0.00399566,0.000300971
0.00400487,0.000302491
0.00401411,0.000304018
0.00402336,0.000305554
0.00403264,0.000307097
0.00404194,0.000308647
0.00405125,0.000310206
0.0040606,0.000311773
0.00406996,0.000313347
0.00407934,0.00031493
0.00408875,0.00031652
0.00409818,0.000318119
0.00410762,0.000319725
0.0041171,0.00032134
0.00412659,0.000322963
0.0041361,0.000324594
0.00414564,0.000326234
0.0041552,0.000327881
0.00416478,0.000329538
0.00417438,0.000331202
0.00418401,0.000332875
0.00419365,0.000334556
0.00420332,0.000336246
0.00421301,0.000337944
0.00422273,0.000339651
0.00423247,0.000341367
0.00424222,0.000343091
0.00425201,0.000344824
0.00426181,0.000346566
0.00427164,0.000348317
0.00428148,0.000350076
0.00429136,0.000351845
0.00430125,0.000353622
0.00431117,0.000355409
0.00432111,0.000357204
0.00433107,0.000359008
0.00434106,0.000360822
0.00435107,0.000362645
0.0043611,0.000364477
0.00437115,0.000366318
0.00438123,0.000368169
0.00439134,0.000370029
0.00440146,0.000371898
0.00441161,0.000373777
0.00442178,0.000375666
0.00443198,0.000377563
0.00444219,0.000379471
0.00445244,0.000381388
0.0044627,0.000383315
0.00447299,0.000385252
0.00448331,0.000387198
0.00449364,0.000389155
0.004504,0.000391121
0.00451439,0.000393097
0.0045248,0.000395083
0.00453523,0.00039708
0.00454569,0.000399086
0.00455617,0.000401103
0.00456667,0.000403129
0.0045772,0.000405166
0.00458776,0.000407214
0.00459833,0.000409271
0.00460894,0.00041134
0.00461956,0.000413418
0.00463022,0.000415507
0.00464089,0.000417607
0.00465159,0.000419717
0.00466232,0.000421838
0.00467307,0.00042397
0.00468384,0.000426113
0.00469464,0.000428266
0.00470547,0.00043043
0.00471631,0.000432606
0.00472719,0.000434792
0.00473809,0.000436989
0.00474901,0.000439198
0.00475996,0.000441417
0.00477094,0.000443648
0.00478194,0.00044589
0.00479296,0.000448144
0.00480402,0.000450409
0.00481509,0.000452685
0.00482619,0.000454973
0.00483732,0.000457273
0.00484848,0.000459584
0.00485965,0.000461907
0.00487086,0.000464242
0.00488209,0.000466588
0.00489335,0.000468947
0.00490463,0.000471317
0.00491594,0.000473699
0.00492727,0.000476094
0.00493863,0.0004785
0.00495002,0.000480919
0.00496143,0.00048335
0.00497287,0.000485793
0.00498434,0.000488249
0.00499583,0.000490717
0.00500735,0.000493198
0.0050189,0.000495691
0.00503047,0.000498197
0.00504207,0.000500715
0.00505369,0.000503246
0.00506534,0.000505791
0.00507702,0.000508347
0.00508873,0.000510917
0.00510046,0.0005135
0.00511222,0.000516096
0.00512401,0.000518706
0.00513582,0.000521328
0.00514767,0.000523964
0.00515954,0.000526613
0.00517143,0.000529275
0.00518336,0.000531951
0.00519531,0.000534641
0.00520729,0.000537344
0.00521929,0.00054006
0.00523133,0.000542791
0.00524339,0.000545535
0.00525548,0.000548294
0.0052676,0.000551066
0.00527974,0.000553852
0.00529191,0.000556653
0.00530412,0.000559467
0.00531635,0.000562296
0.0053286,0.00056514
0.00534089,0.000567997
0.0053532,0.000570869
0.00536555,0.000573756
0.00537792,0.000576657
0.00539032,0.000579573
0.00540275,0.000582504
0.0054152,0.00058545
0.00542769,0.00058841
0.0054402,0.000591386
0.00545275,0.000594376
0.00546532,0.000597382
0.00547792,0.000600403
0.00549055,0.00060344
0.00550321,0.000606491
0.0055159,0.000609558
0.00552862,0.000612641
0.00554137,0.00061574
0.00555414,0.000618854
0.00556695,0.000621983
0.00557978,0.000625129
0.00559265,0.000628291
0.00560554,0.000631468
0.00561847,0.000634662
0.00563142,0.000637872
0.00564441,0.000641098
0.00565742,0.000644341
0.00567047,0.0006476
0.00568354,0.000650875
0.00569665,0.000654167
0.00570978,0.000657476
0.00572295,0.000660802
0.00573614,0.000664144
0.00574937,0.000667503
0.00576262,0.00067088
0.00577591,0.000674273
0.00578923,0.000677684
0.00580258,0.000681112
0.00581595,0.000684557
0.00582936,0.00068802
0.0058428,0.0006915
0.00585628,0.000694998
0.00586978,0.000698514
0.00588331,0.000702047
0.00589688,0.000705599
0.00591047,0.000709168
0.0059241,0.000712756
0.00593776,0.000716362
0.00595145,0.000719986
0.00596517,0.000723628
0.00597893,0.000727289
0.00599271,0.000730968
0.00600653,0.000734666
0.00602038,0.000738383
0.00603426,0.000742119
0.00604818,0.000745873
0.00606212,0.000749647
0.0060761,0.000753439
0.00609011,0.000757251
0.00610415,0.000761083
0.00611822,0.000764933
0.00613233,0.000768803
0.00614647,0.000772693
0.00616064,0.000776603
0.00617485,0.000780532
0.00618908,0.000784481
0.00620335,0.000788451
0.00621766,0.00079244
0.00623199,0.00079645
0.00624636,0.00080048
0.00626076,0.00080453
0.0062752,0.000808601
0.00628967,0.000812693
0.00630417,0.000816805
0.00631871,0.000820938
0.00633328,0.000825092
0.00634788,0.000829267
0.00636251,0.000833464
0.00637718,0.000837681
0.00639189,0.00084192
0.00640663,0.000846181
0.0064214,0.000850463
0.0064362,0.000854767
0.00645104,0.000859092
0.00646592,0.00086344
0.00648083,0.000867809
0.00649577,0.000872201
0.00651075,0.000876615
0.00652576,0.000881051
0.0065408,0.00088551
0.00655589,0.000889992
0.006571,0.000894496
0.00658615,0.000899023
0.00660134,0.000903573
0.00661656,0.000908146
0.00663181,0.000912742
0.00664711,0.000917362
0.00666243,0.000922005
0.00667779,0.000926672
0.00669319,0.000931362
0.00670862,0.000936076
0.00672409,0.000940814
0.00673959,0.000945575
0.00675513,0.000950361
0.00677071,0.000955172
0.00678632,0.000960007
0.00680197,0.000964866
0.00681765,0.00096975
0.00683337,0.000974658
0.00684913,0.000979592
0.00686492,0.00098455
0.00688075,0.000989534
0.00689661,0.000994543
0.00691251,0.000999577
0.00692845,0.00100464
0.00694443,0.00100972
0.00696044,0.00101483
0.00697649,0.00101997
0.00699257,0.00102513
0.0070087,0.00103032
0.00702486,0.00103554
0.00704105,0.00104078
0.00705729,0.00104605
0.00707356,0.00105135
0.00708987,0.00105667
0.00710622,0.00106202
0.0071226,0.00106739
0.00713902,0.0010728
0.00715548,0.00107823
0.00717198,0.00108369
0.00718852,0.00108918
0.00720509,0.00109469
0.00722171,0.00110023
0.00723836,0.0011058
0.00725505,0.0011114
0.00727177,0.00111703
0.00728854,0.00112268
0.00730535,0.00112837
0.00732219,0.00113408
0.00733907,0.00113982
0.00735599,0.00114559
0.00737296,0.00115139
0.00738995,0.00115722
0.00740699,0.00116308
0.00742407,0.00116897
0.00744119,0.00117489
0.00745835,0.00118084
0.00747554,0.00118682
0.00749278,0.00119283
0.00751006,0.00119887
0.00752737,0.00120494
0.00754473,0.00121104
0.00756212,0.00121717
0.00757956,0.00122334
0.00759704,0.00122953
0.00761455,0.00123576
0.00763211,0.00124202
0.00764971,0.0012483
0.00766734,0.00125463
0.00768502,0.00126098
0.00770274,0.00126737
0.0077205,0.00127378
0.0077383,0.00128023
0.00775615,0.00128672
0.00777403,0.00129323
0.00779195,0.00129978
0.00780992,0.00130637
0.00782793,0.00131298
0.00784598,0.00131963
0.00786407,0.00132631
0.0078822,0.00133303
0.00790037,0.00133978
0.00791859,0.00134657
0.00793685,0.00135339
0.00795515,0.00136024
0.00797349,0.00136713
0.00799187,0.00137406
0.0080103,0.00138101
0.00802877,0.00138801
0.00804728,0.00139504
0.00806584,0.0014021
0.00808443,0.00140921
0.00810307,0.00141634
0.00812176,0.00142352
0.00814048,0.00143073
0.00815925,0.00143797
0.00817807,0.00144526
0.00819692,0.00145258
0.00821582,0.00145994
0.00823476,0.00146733
0.00825375,0.00147476
0.00827278,0.00148223
0.00829186,0.00148974
0.00831098,0.00149729
0.00833014,0.00150487
0.00834934,0.0015125
0.0083686,0.00152016
0.00838789,0.00152786
0.00840723,0.0015356
0.00842662,0.00154338
0.00844604,0.00155119
0.00846552,0.00155905
0.00848504,0.00156695
0.0085046,0.00157489
0.00852421,0.00158287
0.00854387,0.00159089
0.00856356,0.00159894
0.00858331,0.00160704
0.0086031,0.00161519
0.00862294,0.00162337
0.00864282,0.00163159
0.00866275,0.00163986
0.00868272,0.00164817
0.00870274,0.00165652
0.00872281,0.00166491
0.00874292,0.00167334
0.00876308,0.00168182
0.00878328,0.00169034
0.00880353,0.00169891
0.00882383,0.00170751
0.00884418,0.00171616
0.00886457,0.00172486
0.00888501,0.0017336
0.00890549,0.00174238
0.00892603,0.00175121
0.00894661,0.00176008
0.00896724,0.001769
0.00898791,0.00177796
0.00900864,0.00178697
0.00902941,0.00179603
0.00905023,0.00180513
0.00907109,0.00181427
0.00909201,0.00182347
0.00911297,0.00183271
0.00913398,0.00184199
0.00915504,0.00185133
0.00917615,0.00186071
0.00919731,0.00187014
0.00921852,0.00187961
0.00923977,0.00188914
0.00926107,0.00189871
0.00928243,0.00190833
0.00930383,0.001918
0.00932528,0.00192772
0.00934678,0.00193749
0.00936833,0.00194731
0.00938994,0.00195717
0.00941159,0.00196709
0.00943329,0.00197706
0.00945504,0.00198708
0.00947684,0.00199715
0.00949869,0.00200727
0.00952059,0.00201744
0.00954254,0.00202767
0.00956454,0.00203794
0.0095866,0.00204827
0.0096087,0.00205865
0.00963085,0.00206908
0.00965306,0.00207957
0.00967532,0.00209011
0.00969763,0.0021007
0.00971998,0.00211135
0.0097424,0.00212205
0.00976486,0.0021328
0.00978737,0.00214361
0.00980994,0.00215447
0.00983256,0.00216539
0.00985523,0.00217637
0.00987795,0.0021874
0.00990073,0.00219848
0.00992356,0.00220963
0.00994644,0.00222083
0.00996937,0.00223208
0.00999236,0.00224339
0.0100154,0.00225477
0.0100385,0.00226619
0.0100616,0.00227768
0.0100848,0.00228922
0.0101081,0.00230083
0.0101314,0.00231249
0.0101548,0.00232421
0.0101782,0.00233599
0.0102016,0.00234783
0.0102252,0.00235973
0.0102487,0.00237169
0.0102724,0.00238371
0.010296,0.0023958
0.0103198,0.00240794
0.0103436,0.00242015
0.0103674,0.00243241
0.0103913,0.00244474
0.0104153,0.00245714
0.0104393,0.00246959
0.0104634,0.00248211
0.0104875,0.00249469
0.0105117,0.00250734
0.0105359,0.00252005
0.0105602,0.00253282
0.0105846,0.00254566
0.010609,0.00255857
0.0106334,0.00257154
0.0106579,0.00258457
0.0106825,0.00259767
0.0107072,0.00261084
0.0107318,0.00262408
0.0107566,0.00263738
0.0107814,0.00265075
0.0108062,0.00266419
0.0108312,0.00267769
0.0108561,0.00269127
0.0108812,0.00270491
0.0109063,0.00271862
0.0109314,0.00273241
0.0109566,0.00274626
0.0109819,0.00276018
0.0110072,0.00277417
0.0110326,0.00278824
0.011058,0.00280237
0.0110835,0.00281658
0.0111091,0.00283086
0.0111347,0.00284521
0.0111603,0.00285964
0.0111861,0.00287414
0.0112119,0.00288871
0.0112377,0.00290335
0.0112636,0.00291807
0.0112896,0.00293287
0.0113156,0.00294774
0.0113417,0.00296268
0.0113679,0.0029777
0.0113941,0.0029928
0.0114204,0.00300797
0.0114467,0.00302323
0.0114731,0.00303855
0.0114995,0.00305396
0.011526,0.00306944
0.0115526,0.00308501
0.0115793,0.00310065
0.011606,0.00311637
0.0116327,0.00313217
0.0116595,0.00314805
0.0116864,0.00316401
0.0117134,0.00318006
0.0117404,0.00319618
0.0117674,0.00321239
0.0117946,0.00322868
0.0118218,0.00324505
0.011849,0.0032615
0.0118764,0.00327804
0.0119037,0.00329466
0.0119312,0.00331137
0.0119587,0.00332816
0.0119863,0.00334503
0.0120139,0.00336199
0.0120416,0.00337904
0.0120694,0.00339618
0.0120972,0.0034134
0.0121251,0.00343071
0.012153,0.0034481
0.0121811,0.00346559
0.0122091,0.00348316
0.0122373,0.00350082
0.0122655,0.00351858
0.0122938,0.00353642
0.0123221,0.00355435
0.0123506,0.00357238
0.012379,0.00359049
0.0124076,0.0036087
0.0124362,0.003627
0.0124649,0.00364539
0.0124936,0.00366388
0.0125224,0.00368246
0.0125513,0.00370113
0.0125802,0.0037199
0.0126092,0.00373876
0.0126383,0.00375772
0.0126674,0.00377678
0.0126966,0.00379593
0.0127259,0.00381518
0.0127553,0.00383453
0.0127847,0.00385398
0.0128141,0.00387352
0.0128437,0.00389317
0.0128733,0.00391291
0.012903,0.00393275
0.0129327,0.0039527
0.0129626,0.00397274
0.0129924,0.00399289
0.0130224,0.00401314
0.0130524,0.00403349
0.0130825,0.00405395
0.0131127,0.00407451
0.0131429,0.00409517
0.0131732,0.00411594
0.0132036,0.00413682
0.013234,0.0041578
0.0132646,0.00417888
0.0132951,0.00420008
0.0133258,0.00422138
0.0133565,0.00424279
0.0133873,0.0042643
0.0134182,0.00428593
0.0134491,0.00430767
0.0134801,0.00432952
0.0135112,0.00435147
0.0135424,0.00437354
0.0135736,0.00439572
0.0136049,0.00441802
0.0136363,0.00444043
0.0136677,0.00446295
0.0136992,0.00448558
0.0137308,0.00450833
0.0137625,0.0045312
0.0137942,0.00455418
0.013826,0.00457728
0.0138579,0.00460049
0.0138898,0.00462383
0.0139218,0.00464728
0.0139539,0.00467085
0.0139861,0.00469454
0.0140184,0.00471835
0.0140507,0.00474228
0.0140831,0.00476633
0.0141156,0.00479051
0.0141481,0.00481481
0.0141807,0.00483923
0.0142134,0.00486377
0.0142462,0.00488844
0.014279,0.00491324
0.014312,0.00493816
0.014345,0.0049632
0.014378,0.00498838
0.0144112,0.00501368
0.0144444,0.00503911
0.0144777,0.00506467
0.0145111,0.00509036
0.0145446,0.00511618
0.0145781,0.00514213
0.0146117,0.00516821
0.0146454,0.00519442
0.0146792,0.00522077
0.014713,0.00524725
0.0147469,0.00527387
0.0147809,0.00530062
0.014815,0.0053275
0.0148492,0.00535453
0.0148834,0.00538169
0.0149177,0.00540898
0.0149521,0.00543642
0.0149866,0.00546399
0.0150212,0.00549171
0.0150558,0.00551956
0.0150905,0.00554756
0.0151253,0.0055757
0.0151602,0.00560398
0.0151951,0.00563241
0.0152302,0.00566098
0.0152653,0.00568969
0.0153005,0.00571855
0.0153358,0.00574756
0.0153711,0.00577671
0.0154066,0.00580602
0.0154421,0.00583547
0.0154777,0.00586507
0.0155134,0.00589482
0.0155491,0.00592472
0.015585,0.00595477
0.0156209,0.00598497
0.0156569,0.00601533
0.015693,0.00604585
0.0157292,0.00607651
0.0157655,0.00610734
0.0158018,0.00613832
0.0158383,0.00616945
0.0158748,0.00620075
0.0159114,0.0062322
0.0159481,0.00626381
0.0159849,0.00629559
0.0160217,0.00632752
0.0160587,0.00635962
0.0160957,0.00639187
0.0161328,0.0064243
0.01617,0.00645689
0.0162073,0.00648964
0.0162446,0.00652256
0.0162821,0.00655564
0.0163196,0.0065889
0.0163573,0.00662232
0.016395,0.00665591
0.0164328,0.00668967
0.0164707,0.00672361
0.0165087,0.00675771
0.0165467,0.00679199
0.0165849,0.00682644
0.0166231,0.00686107
0.0166614,0.00689587
0.0166999,0.00693085
0.0167384,0.00696601
0.0167769,0.00700134
0.0168156,0.00703686
0.0168544,0.00707255
0.0168933,0.00710843
0.0169322,0.00714449
0.0169713,0.00718073
0.0170104,0.00721715
0.0170496,0.00725376
0.0170889,0.00729056
0.0171283,0.00732754
0.0171678,0.00736471
0.0172074,0.00740206
0.0172471,0.00743961
0.0172868,0.00747735
0.0173267,0.00751528
0.0173666,0.0075534
0.0174067,0.00759171
0.0174468,0.00763022
0.0174871,0.00766893
0.0175274,0.00770783
0.0175678,0.00774692
0.0176083,0.00778622
0.0176489,0.00782572
0.0176896,0.00786541
0.0177304,0.00790531
0.0177713,0.00794541
0.0178122,0.00798571
0.0178533,0.00802622
0.0178945,0.00806693
0.0179357,0.00810785
0.0179771,0.00814898
0.0180185,0.00819031
0.0180601,0.00823185
0.0181017,0.00827361
0.0181434,0.00831558
0.0181853,0.00835776
0.0182272,0.00840015
0.0182692,0.00844276
0.0183114,0.00848558
0.0183536,0.00852863
0.0183959,0.00857189
0.0184383,0.00861536
0.0184808,0.00865906
0.0185234,0.00870299
0.0185661,0.00874713
0.018609,0.0087915
0.0186519,0.00883609
0.0186949,0.00888091
0.018738,0.00892596
0.0187812,0.00897123
0.0188245,0.00901673
0.0188679,0.00906247
0.0189114,0.00910844
0.018955,0.00915464
0.0189987,0.00920107
0.0190425,0.00924774
0.0190864,0.00929465
0.0191304,0.00934179
0.0191745,0.00938917
0.0192187,0.00943679
0.019263,0.00948466
0.0193075,0.00953277
0.019352,0.00958112
0.0193966,0.00962971
0.0194413,0.00967855
0.0194861,0.00972764
0.0195311,0.00977698
0.0195761,0.00982657
0.0196212,0.00987641
0.0196665,0.00992651
0.0197118,0.00997685
0.0197573,0.0100275
0.0198028,0.0100783
0.0198485,0.0101294
0.0198943,0.0101808
0.0199401,0.0102324
0.0199861,0.0102843
0.0200322,0.0103365
0.0200784,0.0103889
0.0201247,0.0104416
0.0201711,0.0104946
0.0202176,0.0105478
0.0202642,0.0106013
0.0203109,0.0106551
0.0203578,0.0107091
0.0204047,0.0107634
0.0204517,0.010818
0.0204989,0.0108729
0.0205462,0.010928
0.0205935,0.0109834
0.020641,0.0110391
0.0206886,0.0110951
0.0207363,0.0111514
0.0207841,0.0112079
0.020832,0.0112648
0.0208801,0.0113219
0.0209282,0.0113793
0.0209765,0.011437
0.0210248,0.011495
0.0210733,0.0115533
0.0211219,0.0116119
0.0211706,0.0116708
0.0212194,0.01173
0.0212683,0.0117895
0.0213174,0.0118493
0.0213665,0.0119094
0.0214158,0.0119697
0.0214652,0.0120304
0.0215147,0.0120915
0.0215643,0.0121528
0.021614,0.0122144
0.0216638,0.0122763
0.0217138,0.0123386
0.0217638,0.0124012
0.021814,0.012464
0.0218643,0.0125272
0.0219147,0.0125908
0.0219653,0.0126546
0.0220159,0.0127188
0.0220667,0.0127833
0.0221175,0.0128481
0.0221685,0.0129133
0.0222197,0.0129787
0.0222709,0.0130445
0.0223222,0.0131107
0.0223737,0.0131772
0.0224253,0.013244
0.022477,0.0133111
0.0225288,0.0133786
0.0225808,0.0134465
0.0226328,0.0135146
0.022685,0.0135832
0.0227373,0.013652
0.0227898,0.0137213
0.0228423,0.0137908
0.022895,0.0138607
0.0229478,0.013931
0.0230007,0.0140017
0.0230537,0.0140726
0.0231069,0.014144
0.0231601,0.0142157
0.0232135,0.0142878
0.0232671,0.0143602
0.0233207,0.014433
0.0233745,0.0145062
0.0234284,0.0145797
0.0234824,0.0146537
0.0235365,0.014728
0.0235908,0.0148026
0.0236452,0.0148777
0.0236997,0.0149531
0.0237544,0.0150289
0.0238091,0.0151051
0.023864,0.0151817
0.023919,0.0152586
0.0239742,0.015336
0.0240295,0.0154137
0.0240849,0.0154919
0.0241404,0.0155704
0.0241961,0.0156493
0.0242519,0.0157286
0.0243078,0.0158084
0.0243638,0.0158885
0.02442,0.0159691
0.0244763,0.01605
0.0245327,0.0161314
0.0245893,0.0162131
0.024646,0.0162953
0.0247028,0.0163779
0.0247598,0.0164609
0.0248169,0.0165444
0.0248741,0.0166282
0.0249314,0.0167125
0.0249889,0.0167972
0.0250465,0.0168824
0.0251043,0.0169679
0.0251622,0.0170539
0.0252202,0.0171404
0.0252783,0.0172272
0.0253366,0.0173145
0.025395,0.0174023
0.0254536,0.0174905
0.0255123,0.0175791
0.0255711,0.0176682
0.0256301,0.0177578
0.0256892,0.0178478
0.0257484,0.0179382
0.0258078,0.0180291
0.0258673,0.0181205
0.0259269,0.0182123
0.0259867,0.0183046
0.0260466,0.0183974
0.0261067,0.0184906
0.0261669,0.0185843
0.0262272,0.0186785
0.0262877,0.0187731
0.0263483,0.0188683
0.026409,0.0189639
0.0264699,0.01906
0.026531,0.0191566
0.0265921,0.0192536
0.0266534,0.0193512
0.0267149,0.0194492
0.0267765,0.0195478
0.0268382,0.0196468
0.0269001,0.0197464
0.0269621,0.0198464
0.0270243,0.019947
0.0270866,0.0200481
0.0271491,0.0201496
0.0272117,0.0202517
0.0272744,0.0203543
0.0273373,0.0204574
0.0274003,0.0205611
0.0274635,0.0206653
0.0275268,0.02077
0.0275903,0.0208752
0.0276539,0.0209809
0.0277177,0.0210872
0.0277816,0.021194
0.0278456,0.0213014
0.0279098,0.0214093
0.0279742,0.0215178
0.0280387,0.0216268
0.0281033,0.0217363
0.0281681,0.0218464
0.0282331,0.0219571
0.0282982,0.0220683
0.0283634,0.0221801
0.0284288,0.0222924
0.0284944,0.0224054
0.0285601,0.0225188
0.0286259,0.0226329
0.0286919,0.0227475
0.0287581,0.0228627
0.0288244,0.0229785
0.0288908,0.0230949
0.0289575,0.0232119
0.0290242,0.0233294
0.0290911,0.0234476
0.0291582,0.0235663
0.0292255,0.0236857
0.0292928,0.0238056
0.0293604,0.0239262
0.0294281,0.0240474
0.0294959,0.0241691
0.0295639,0.0242915
0.0296321,0.0244145
0.0297004,0.0245382
0.0297689,0.0246624
0.0298375,0.0247873
0.0299063,0.0249128
0.0299753,0.025039
0.0300444,0.0251657
0.0301137,0.0252932
0.0301831,0.0254212
0.0302527,0.0255499
0.0303225,0.0256793
0.0303924,0.0258093
0.0304624,0.02594
0.0305327,0.0260713
0.0306031,0.0262033
0.0306736,0.0263359
0.0307444,0.0264693
0.0308153,0.0266033
0.0308863,0.0267379
0.0309575,0.0268733
0.0310289,0.0270093
0.0311004,0.0271461
0.0311722,0.0272835
0.031244,0.0274216
0.0313161,0.0275604
0.0313883,0.0276999
0.0314606,0.0278401
0.0315332,0.027981
0.0316059,0.0281226
0.0316788,0.028265
0.0317518,0.028408
0.031825,0.0285518
0.0318984,0.0286963
0.0319719,0.0288415
0.0320457,0.0289875
0.0321195,0.0291342
0.0321936,0.0292816
0.0322678,0.0294298
0.0323422,0.0295787
0.0324168,0.0297284
0.0324915,0.0298788
0.0325665,0.03003
0.0326416,0.030182
0.0327168,0.0303347
0.0327922,0.0304882
0.0328679,0.0306424
0.0329436,0.0307975
0.0330196,0.0309533
0.0330957,0.0311099
0.033172,0.0312673
0.0332485,0.0314255
0.0333252,0.0315845
0.033402,0.0317443
0.033479,0.0319049
0.0335562,0.0320663
0.0336336,0.0322285
0.0337112,0.0323915
0.0337889,0.0325553
0.0338668,0.03272
0.0339449,0.0328855
0.0340231,0.0330519
0.0341016,0.033219
0.0341802,0.0333871
0.034259,0.0335559
0.034338,0.0337256
0.0344172,0.0338962
0.0344965,0.0340676
0.0345761,0.0342399
0.0346558,0.0344131
0.0347357,0.0345871
0.0348158,0.034762
0.0348961,0.0349378
0.0349765,0.0351145
0.0350572,0.035292
0.035138,0.0354705
0.035219,0.0356498
0.0353002,0.0358301
0.0353816,0.0360113
0.0354632,0.0361933
0.035545,0.0363763
0.0356269,0.0365602
0.0357091,0.0367451
0.0357914,0.0369308
0.0358739,0.0371175
0.0359566,0.0373052
0.0360396,0.0374937
0.0361227,0.0376833
0.0362059,0.0378738
0.0362894,0.0380652
0.0363731,0.0382576
0.036457,0.038451
0.036541,0.0386453
0.0366253,0.0388406
0.0367097,0.0390369
0.0367944,0.0392342
0.0368792,0.0394325
0.0369642,0.0396318
0.0370495,0.0398321
0.0371349,0.0400334
0.0372205,0.0402357
0.0373063,0.040439
0.0373923,0.0406433
0.0374786,0.0408487
0.037565,0.0410551
0.0376516,0.0412625
0.0377384,0.041471
0.0378254,0.0416805
0.0379126,0.0418911
0.038,0.0421027
0.0380877,0.0423154
0.0381755,0.0425292
0.0382635,0.0427441
0.0383517,0.04296
0.0384401,0.043177
0.0385288,0.0433951
0.0386176,0.0436143
0.0387067,0.0438346
0.0387959,0.044056
0.0388854,0.0442785
0.038975,0.0445021
0.0390649,0.0447268
0.0391549,0.0449527
0.0392452,0.0451797
0.0393357,0.0454079
0.0394264,0.0456372
0.0395173,0.0458676
0.0396084,0.0460992
0.0396998,0.046332
0.0397913,0.0465659
0.039883,0.046801
0.039975,0.0470373
0.0400672,0.0472748
0.0401595,0.0475135
0.0402521,0.0477533
0.040345,0.0479944
0.040438,0.0482367
0.0405312,0.0484802
0.0406247,0.0487249
0.0407183,0.0489708
0.0408122,0.049218
0.0409063,0.0494664
0.0410006,0.049716
0.0410952,0.049967
0.0411899,0.0502191
0.0412849,0.0504725
0.0413801,0.0507273
0.0414755,0.0509832
0.0415711,0.0512405
0.041667,0.051499
0.0417631,0.0517589
0.0418593,0.05202
0.0419559,0.0522825
0.0420526,0.0525463
0.0421496,0.0528114
0.0422467,0.0530778
0.0423441,0.0533455
0.0424418,0.0536146
0.0425396,0.0538851
0.0426377,0.0541569
0.042736,0.0544301
0.0428346,0.0547046
0.0429333,0.0549805
0.0430323,0.0552578
0.0431315,0.0555365
0.043231,0.0558165
0.0433307,0.056098
0.0434306,0.0563809
0.0435307,0.0566652
0.0436311,0.0569509
0.0437317,0.0572381
0.0438325,0.0575266
0.0439336,0.0578167
0.0440349,0.0581082
0.0441364,0.0584011
0.0442382,0.0586955
0.0443402,0.0589914
0.0444424,0.0592888
0.0445449,0.0595876
0.0446476,0.059888
0.0447505,0.0601898
0.0448537,0.0604932
0.0449571,0.060798
0.0450608,0.0611044
0.0451647,0.0614124
0.0452688,0.0617218
0.0453732,0.0620329
0.0454778,0.0623454
0.0455827,0.0626596
0.0456878,0.0629753
0.0457931,0.0632925
0.0458987,0.0636114
0.0460045,0.0639319
0.0461106,0.0642539
0.0462169,0.0645776
0.0463235,0.0649029
0.0464303,0.0652298
0.0465373,0.0655584
0.0466446,0.0658886
0.0467522,0.0662204
0.04686,0.0665539
0.046968,0.066889
0.0470763,0.0672259
0.0471849,0.0675644
0.0472937,0.0679046
0.0474027,0.0682465
0.047512,0.0685901
0.0476216,0.0689354
0.0477314,0.0692825
0.0478414,0.0696313
0.0479517,0.0699818
0.0480623,0.0703341
0.0481731,0.0706881
0.0482842,0.0710439
0.0483955,0.0714015
0.0485071,0.0717608
0.0486189,0.072122
0.048731,0.0724849
0.0488434,0.0728497
0.048956,0.0732162
0.0490689,0.0735847
0.049182,0.0739549
0.0492954,0.074327
0.0494091,0.0747009
0.049523,0.0750767
0.0496372,0.0754544
0.0497516,0.075834
0.0498664,0.0762154
0.0499813,0.0765988
0.0500966,0.076984
0.0502121,0.0773712
0.0503279,0.0777603
0.0504439,0.0781514
0.0505602,0.0785444
0.0506768,0.0789393
0.0507936,0.0793363
0.0509107,0.0797351
0.0510281,0.080136
0.0511458,0.0805389
0.0512637,0.0809438
0.0513819,0.0813507
0.0515004,0.0817596
0.0516191,0.0821706
0.0517381,0.0825836
0.0518574,0.0829986
0.051977,0.0834158
0.0520968,0.083835
0.052217,0.0842563
0.0523374,0.0846796
0.052458,0.0851051
0.052579,0.0855327
0.0527002,0.0859625
0.0528217,0.0863943
0.0529435,0.0868283
0.0530656,0.0872645
0.0531879,0.0877028
0.0533106,0.0881434
0.0534335,0.0885861
0.0535567,0.089031
0.0536802,0.0894781
0.053804,0.0899274
0.053928,0.090379
0.0540524,0.0908328
0.054177,0.0912889
0.0543019,0.0917472
0.0544271,0.0922078
0.0545526,0.0926707
0.0546784,0.0931359
0.0548044,0.0936034
0.0549308,0.0940732
0.0550575,0.0945454
0.0551844,0.0950199
0.0553117,0.0954967
0.0554392,0.095976
0.055567,0.0964576
0.0556951,0.0969415
0.0558235,0.0974279
0.0559523,0.0979167
0.0560813,0.098408
0.0562106,0.0989016
0.0563402,0.0993977
0.0564701,0.0998963
0.0566003,0.100397
0.0567308,0.100901
0.0568616,0.101407
0.0569927,0.101915
0.0571241,0.102426
0.0572558,0.10294
0.0573878,0.103456
0.0575202,0.103975
0.0576528,0.104496
0.0577857,0.10502
0.0579189,0.105546
0.0580525,0.106075
0.0581863,0.106607
0.0583205,0.107141
0.058455,0.107678
0.0585897,0.108218
0.0587248,0.10876
0.0588602,0.109305
0.058996,0.109853
0.059132,0.110403
0.0592683,0.110956
0.059405,0.111512
0.0595419,0.112071
0.0596792,0.112632
0.0598168,0.113197
0.0599548,0.113763
0.060093,0.114333
0.0602315,0.114906
0.0603704,0.115481
0.0605096,0.116059
0.0606491,0.11664
0.060789,0.117224
0.0609291,0.117811
0.0610696,0.1184
0.0612104,0.118993
0.0613516,0.119588
0.061493,0.120186
0.0616348,0.120788
0.0617769,0.121392
0.0619194,0.122
0.0620621,0.12261
0.0622052,0.123224
0.0623486,0.123841
0.0624924,0.12446
0.0626365,0.125083
0.0627809,0.125708
0.0629257,0.126336
0.0630708,0.126968
0.0632162,0.127602
0.0633619,0.12824
0.063508,0.12888
0.0636545,0.129523
0.0638012,0.13017
0.0639483,0.130819
0.0640958,0.131471
0.0642436,0.132127
0.0643917,0.132785
0.0645402,0.133451
0.064689,0.134121
0.0648381,0.134795
0.0649876,0.135471
0.0651375,0.136149
0.0652876,0.13683
0.0654382,0.137515
0.0655891,0.138202
0.0657403,0.138893
0.0658919,0.139587
0.0660438,0.140285
0.0661961,0.140985
0.0663487,0.141689
0.0665017,0.142396
0.066655,0.143107
0.0668087,0.143821
0.0669627,0.144538
0.0671171,0.145259
0.0672719,0.145983
0.067427,0.146711
0.0675825,0.147442
0.0677383,0.148176
0.0678945,0.148915
0.068051,0.149657
0.0682079,0.150402
0.0683652,0.151152
0.0685228,0.151906
0.0686808,0.152664
0.0688392,0.153425
0.0689979,0.15419
0.069157,0.154959
0.0693164,0.155732
0.0694763,0.156508
0.0696365,0.157288
0.069797,0.158072
0.0699579,0.15886
0.0701192,0.159652
0.0702809,0.160447
0.070443,0.161247
0.0706054,0.16205
0.0707682,0.162858
0.0709314,0.163669
0.0710949,0.164484
0.0712588,0.165304
0.0714231,0.166127
0.0715878,0.166954
0.0717529,0.167786
0.0719183,0.168621
0.0720841,0.169461
0.0722503,0.170304
0.0724169,0.171152
0.0725839,0.172004
0.0727512,0.17286
0.072919,0.17372
0.0730871,0.174585
0.0732556,0.175454
0.0734245,0.176327
0.0735938,0.177204
0.0737635,0.178085
0.0739336,0.178971
0.0741041,0.179861
0.0742749,0.180756
0.0744462,0.181655
0.0746178,0.182558
0.0747899,0.183466
0.0749623,0.184378
0.0751352,0.185294
0.0753084,0.186216
0.075482,0.187141
0.0756561,0.188071
0.0758305,0.189006
0.0760054,0.189945
0.0761806,0.190889
0.0763563,0.191837
0.0765323,0.19279
0.0767088,0.193748
0.0768856,0.19471
0.0770629,0.195677
0.0772406,0.196649
0.0774187,0.197625
0.0775972,0.198606
0.0777761,0.199592
0.0779554,0.200583
0.0781352,0.201579
0.0783153,0.202579
0.0784959,0.203584
0.0786769,0.204595
0.0788583,0.20561
0.0790401,0.20663
0.0792224,0.207655
0.079405,0.208685
0.0795881,0.20972
0.0797716,0.21076
0.0799556,0.211805
0.0801399,0.212855
0.0803247,0.213911
0.0805099,0.214971
0.0806955,0.216037
0.0808816,0.217107
0.0810681,0.218183
0.081255,0.219265
0.0814423,0.220351
0.0816301,0.221443
0.0818183,0.22254
0.082007,0.223642
0.0821961,0.22475
0.0823856,0.225863
0.0825755,0.226981
0.0827659,0.228105
0.0829568,0.229234
0.083148,0.230369
0.0833398,0.23151
0.0835319,0.232655
0.0837245,0.233807
0.0839176,0.234964
0.084111,0.236126
0.084305,0.237294
0.0844994,0.238468
0.0846942,0.239648
0.0848895,0.240833
0.0850852,0.242024
0.0852814,0.243221
0.085478,0.244423
0.0856751,0.245632
0.0858726,0.246846
0.0860706,0.248066
0.0862691,0.249292
0.086468,0.250524
0.0866674,0.251761
0.0868672,0.253005
0.0870675,0.254255
0.0872682,0.255511
0.0874695,0.256773
0.0876711,0.258041
0.0878733,0.259315
0.0880759,0.260595
0.088279,0.261881
0.0884825,0.263174
0.0886865,0.264473
0.088891,0.265778
0.089096,0.26709
0.0893014,0.268407
0.0895073,0.269731
0.0897137,0.271062
0.0899205,0.272399
0.0901279,0.273742
0.0903357,0.275092
0.0905439,0.276448
0.0907527,0.277811
0.090962,0.27918
0.0911717,0.280556
0.0913819,0.281939
0.0915926,0.283328
0.0918038,0.284724
0.0920155,0.286126
0.0922276,0.287536
0.0924403,0.288952
0.0926534,0.290375
0.092867,0.291805
0.0930812,0.293241
0.0932958,0.294685
0.0935109,0.296135
0.0937265,0.297593
0.0939426,0.299057
0.0941592,0.300528
0.0943763,0.302007
0.0945939,0.303492
0.094812,0.304985
0.0950306,0.306485
0.0952497,0.307992
0.0954694,0.309506
0.0956895,0.311028
0.0959101,0.312557
0.0961313,0.314093
0.0963529,0.315636
0.0965751,0.317187
0.0967977,0.318745
0.0970209,0.320311
0.0972446,0.321884
0.0974688,0.323465
0.0976936,0.325053
0.0979188,0.326649
0.0981446,0.328253
0.0983709,0.329864
0.0985977,0.331483
0.098825,0.333109
0.0990529,0.334744
0.0992813,0.336386
0.0995102,0.338036
0.0997396,0.339694
0.0999696,0.341359
0.1002,0.343033
0.100431,0.344715
0.100663,0.346405
0.100895,0.348102
0.101127,0.349808
0.101361,0.351522
0.101594,0.353244
0.101829,0.354975
0.102063,0.356713
0.102299,0.35846
0.102535,0.360215
0.102771,0.361979
0.103008,0.363751
0.103245,0.365531
0.103483,0.36732
0.103722,0.369117
0.103961,0.370923
0.104201,0.372737
0.104441,0.37456
0.104682,0.376392
0.104923,0.378233
0.105165,0.380082
0.105408,0.38194
0.105651,0.383806
0.105894,0.385682
0.106139,0.387566
0.106383,0.38946
0.106629,0.391362
0.106874,0.393273
0.107121,0.395194
0.107368,0.397123
0.107615,0.399062
0.107864,0.40101
0.108112,0.402967
0.108362,0.404933
0.108611,0.406909
0.108862,0.408894
0.109113,0.410888
0.109364,0.412892
0.109617,0.414905
0.109869,0.416928
0.110123,0.41896
0.110377,0.421002
0.110631,0.423053
0.110886,0.425115
0.111142,0.427186
0.111398,0.429266
0.111655,0.431357
0.111912,0.433457
0.11217,0.435567
0.112429,0.437688
0.112688,0.439818
0.112948,0.441958
0.113208,0.444108
0.113469,0.446269
0.113731,0.448439
0.113993,0.45062
0.114256,0.452811
0.11452,0.455013
0.114784,0.457224
0.115048,0.459447
0.115314,0.461679
0.115579,0.463922
0.115846,0.466176
0.116113,0.46844
0.116381,0.470715
0.116649,0.473
0.116918,0.475296
0.117188,0.477603
0.117458,0.479921
0.117729,0.48225
0.118,0.484589
0.118272,0.48694
0.118545,0.489302
0.118818,0.491674
0.119092,0.494058
0.119367,0.496453
0.119642,0.498859
0.119918,0.501276
0.120194,0.503705
0.120471,0.506145
0.120749,0.508596
0.121028,0.511059
0.121307,0.513533
0.121586,0.516019
0.121867,0.518517
0.122148,0.521026
0.122429,0.523547
0.122712,0.52608
0.122995,0.528624
0.123278,0.53118
0.123562,0.533749
0.123847,0.536329
0.124133,0.538921
0.124419,0.541525
0.124706,0.544142
0.124994,0.54677
0.125282,0.549411
0.125571,0.552064
0.12586,0.55473
0.12615,0.557408
0.126441,0.560098
0.126733,0.562801
0.127025,0.565516
0.127318,0.568244
0.127611,0.570985
0.127906,0.573738
0.1282,0.576505
0.128496,0.579284
0.128792,0.582076
0.129089,0.58488
0.129387,0.587698
0.129685,0.590529
0.129984,0.593373
0.130284,0.59623
0.130584,0.599101
0.130885,0.601985
0.131187,0.604882
0.13149,0.607792
0.131793,0.610716
0.132097,0.613653
0.132401,0.616604
0.132707,0.619569
0.133013,0.622547
0.133319,0.62554
0.133627,0.628546
0.133935,0.631565
0.134244,0.634599
0.134553,0.637647
0.134863,0.640709
0.135174,0.643784
0.135486,0.646875
0.135798,0.649979
0.136112,0.653098
0.136425,0.65623
0.13674,0.659378
0.137055,0.66254
0.137371,0.665716
0.137688,0.668907
0.138005,0.672113
0.138324,0.675333
0.138643,0.678569
0.138962,0.681819
0.139283,0.685084
0.139604,0.688364
0.139926,0.691659
0.140248,0.694969
0.140572,0.698295
0.140896,0.701635
0.141221,0.704991
0.141546,0.708363
0.141873,0.71175
0.1422,0.715152
0.142528,0.71857
0.142856,0.722003
0.143186,0.725453
0.143516,0.728918
0.143847,0.732398
0.144178,0.735895
0.144511,0.739408
0.144844,0.742937
0.145178,0.746482
0.145513,0.750043
0.145848,0.75362
0.146184,0.757214
0.146521,0.760824
0.146859,0.764451
0.147198,0.768094
0.147537,0.771754
0.147877,0.77543
0.148218,0.779123
0.14856,0.782833
0.148903,0.78656
0.149246,0.790304
0.14959,0.794065
0.149935,0.797843
0.150281,0.801638
0.150627,0.80545
0.150975,0.80928
0.151323,0.813127
0.151672,0.816992
0.152021,0.820874
0.152372,0.824774
0.152723,0.828691
0.153075,0.832626
0.153428,0.836579
0.153782,0.84055
0.154137,0.844539
0.154492,0.848546
0.154848,0.852572
0.155205,0.856615
0.155563,0.860677
0.155922,0.864757
0.156281,0.868856
0.156642,0.872973
0.157003,0.877108
0.157365,0.881263
0.157728,0.885436
0.158091,0.889628
0.158456,0.893839
0.158821,0.898069
0.159187,0.902318
0.159554,0.906586
0.159922,0.910873
0.160291,0.91518
0.160661,0.919506
0.161031,0.923852
0.161402,0.928217
0.161774,0.932602
0.162147,0.937007
0.162521,0.941431
0.162896,0.945875
0.163272,0.95034
0.163648,0.954824
0.164025,0.959329
0.164404,0.963853
0.164783,0.968398
0.165163,0.972964
0.165543,0.97755
0.165925,0.982156
0.166308,0.986784
0.166691,0.991432
0.167075,0.9961
0.167461,1.00079
0.167847,1.0055
0.168234,1.01023
0.168622,1.01499
0.16901,1.01976
0.1694,1.02456
0.169791,1.02937
0.170182,1.03421
0.170575,1.03907
0.170968,1.04395
0.171362,1.04886
0.171757,1.05378
0.172153,1.05873
0.17255,1.0637
0.172948,1.06869
0.173347,1.07371
0.173746,1.07874
0.174147,1.0838
0.174549,1.08888
0.174951,1.09399
0.175354,1.09911
0.175759,1.10426
0.176164,1.10943
0.17657,1.11463
0.176977,1.11985
0.177385,1.12509
0.177794,1.13036
0.178204,1.13564
0.178615,1.14096
0.179027,1.14629
0.17944,1.15165
0.179854,1.15703
0.180268,1.16244
0.180684,1.16787
0.1811,1.17333
0.181518,1.17881
0.181937,1.18431
0.182356,1.18984
0.182777,1.19539
0.183198,1.20096
0.18362,1.20657
0.184044,1.21219
0.184468,1.21784
0.184893,1.22352
0.18532,1.22922
0.185747,1.23495
0.186175,1.2407
0.186605,1.24647
0.187035,1.25228
0.187466,1.2581
0.187898,1.26396
0.188332,1.26984
0.188766,1.27574
0.189201,1.28167
0.189637,1.28763
0.190074,1.29362
0.190513,1.29963
0.190952,1.30566
0.191392,1.31172
0.191834,1.31781
0.192276,1.32393
0.192719,1.33007
0.193164,1.33624
0.193609,1.34244
0.194055,1.34867
0.194503,1.35492
0.194951,1.3612
0.195401,1.3675
0.195851,1.37384
0.196303,1.3802
0.196755,1.38659
0.197209,1.39301
0.197664,1.39945
0.19812,1.40593
0.198576,1.41243
0.199034,1.41896
0.199493,1.42552
0.199953,1.43211
0.200414,1.43873
0.200876,1.44537
0.201339,1.45205
0.201804,1.45875
0.202269,1.46548
0.202735,1.47225
0.203203,1.47904
0.203671,1.48586
0.204141,1.49271
0.204612,1.49959
0.205083,1.50651
0.205556,1.51345
0.20603,1.52042
0.206505,1.52742
0.206981,1.53445
0.207459,1.54152
0.207937,1.54861
0.208416,1.55573
0.208897,1.56289
0.209379,1.57008
0.209861,1.57729
0.210345,1.58454
0.21083,1.59182
0.211316,1.59913
0.211804,1.60648
0.212292,1.61385
0.212781,1.62126
0.213272,1.6287
0.213764,1.63617
0.214257,1.64368
0.214751,1.65121
0.215246,1.65878
0.215742,1.66638
0.21624,1.67402
0.216738,1.68168
0.217238,1.68938
0.217739,1.69712
0.218241,1.70489
0.218744,1.71269
0.219248,1.72052
0.219754,1.72839
0.220261,1.73629
0.220768,1.74423
0.221277,1.7522
0.221788,1.7602
0.222299,1.76824
0.222812,1.77632
0.223325,1.78442
0.22384,1.79257
0.224356,1.80075
0.224874,1.80896
0.225392,1.81721
0.225912,1.82549
0.226433,1.83381
0.226955,1.84217
0.227478,1.85056
0.228003,1.85899
0.228528,1.86745
0.229055,1.87595
0.229583,1.88449
0.230113,1.89306
0.230643,1.90167
0.231175,1.91031
0.231708,1.919
0.232242,1.92772
0.232778,1.93648
0.233314,1.94527
0.233852,1.9541
0.234392,1.96297
0.234932,1.97188
0.235474,1.98083
0.236017,1.98981
0.236561,1.99884
0.237106,2.0079
0.237653,2.017
0.238201,2.02614
0.23875,2.03531
0.239301,2.04453
0.239852,2.05379
0.240405,2.06308
0.24096,2.07242
0.241515,2.08179
0.242072,2.09121
0.24263,2.10066
0.24319,2.11015
0.24375,2.11969
0.244312,2.12927
0.244876,2.13888
0.24544,2.14854
0.246006,2.15824
0.246574,2.16798
0.247142,2.17776
0.247712,2.18758
0.248283,2.19744
0.248856,2.20735
0.249429,2.21729
0.250004,2.22728
0.250581,2.23731
0.251159,2.24739
0.251738,2.25751
0.252318,2.26766
0.2529,2.27787
0.253483,2.28811
0.254067,2.2984
0.254653,2.30873
0.25524,2.31911
0.255829,2.32953
0.256419,2.33999
0.25701,2.3505
0.257603,2.36105
0.258197,2.37165
0.258792,2.38229
0.259389,2.39297
0.259987,2.4037
0.260586,2.41448
0.261187,2.4253
0.261789,2.43617
0.262393,2.44708
0.262998,2.45804
0.263604,2.46904
0.264212,2.48009
0.264821,2.49119
0.265432,2.50233
0.266044,2.51352
0.266657,2.52476
0.267272,2.53604
0.267888,2.54737
0.268506,2.55875
0.269125,2.57018
0.269746,2.58165
0.270367,2.59317
0.270991,2.60475
0.271616,2.61636
0.272242,2.62803
0.27287,2.63975
0.273499,2.65151
0.274129,2.66333
0.274761,2.67519
0.275395,2.6871
0.27603,2.69906
0.276666,2.71108
0.277304,2.72314
0.277944,2.73525
0.278585,2.74742
0.279227,2.75963
0.279871,2.77189
0.280516,2.78421
0.281163,2.79658
0.281811,2.809
0.282461,2.82147
0.283112,2.83399
0.283765,2.84656
0.284419,2.85919
0.285075,2.87186
0.285732,2.8846
0.286391,2.89738
0.287051,2.91022
0.287713,2.92311
0.288377,2.93605
0.289042,2.94905
0.289708,2.9621
0.290376,2.9752
0.291045,2.98836
0.291717,3.00157
0.292389,3.01484
0.293063,3.02816
0.293739,3.04154
0.294416,3.05498
0.295095,3.06846
0.295776,3.08201
0.296458,3.09561
0.297141,3.10926
0.297826,3.12298
0.298513,3.13674
0.299201,3.15057
0.299891,3.16445
0.300582,3.17839
0.301276,3.19239
0.30197,3.20644
0.302666,3.22056
0.303364,3.23473
0.304064,3.24896
0.304765,3.26326
0.305468,3.27762
0.306172,3.29204
0.306878,3.30651
0.307585,3.32105
0.308295,3.33564
0.309005,3.3503
0.309718,3.36501
0.310432,3.37979
0.311148,3.39462
0.311865,3.40952
0.312584,3.42447
0.313305,3.43949
0.314027,3.45456
0.314751,3.4697
0.315477,3.4849
0.316205,3.50016
0.316934,3.51548
0.317664,3.53086
0.318397,3.54631
0.319131,3.56182
0.319867,3.57739
0.320604,3.59302
0.321343,3.60871
0.322084,3.62447
0.322827,3.64029
0.323571,3.65618
0.324317,3.67212
0.325065,3.68813
0.325815,3.70421
0.326566,3.72035
0.327319,3.73655
0.328074,3.75282
0.32883,3.76915
0.329588,3.78555
0.330348,3.80201
0.33111,3.81854
0.331873,3.83513
0.332638,3.85179
0.333405,3.86851
0.334174,3.8853
0.334945,3.90216
0.335717,3.91908
0.336491,3.93607
0.337267,3.95312
0.338044,3.97025
0.338824,3.98742
0.339605,4.00465
0.340388,4.02195
0.341173,4.03932
0.34196,4.05676
0.342748,4.07426
0.343538,4.09184
0.34433,4.10948
0.345124,4.12719
0.34592,4.14497
0.346718,4.16283
0.347517,4.18075
0.348318,4.19874
0.349122,4.2168
0.349927,4.23501
0.350733,4.25334
0.351542,4.27174
0.352353,4.29021
0.353165,4.30875
0.353979,4.32737
0.354795,4.34606
0.355614,4.36482
0.356433,4.38365
0.357255,4.40256
0.358079,4.42155
0.358905,4.4406
0.359732,4.45974
0.360562,4.47895
0.361393,4.49823
0.362226,4.51759
0.363061,4.53702
0.363898,4.55653
0.364738,4.57612
0.365579,4.59578
0.366421,4.61552
0.367266,4.63534
0.368113,4.65524
0.368962,4.67521
0.369813,4.69526
0.370665,4.71539
0.37152,4.7356
0.372376,4.75589
0.373235,4.77625
0.374096,4.7967
0.374958,4.81722
0.375823,4.83783
0.376689,4.85852
0.377558,4.87928
0.378428,4.90013
0.379301,4.92106
0.380175,4.94207
0.381052,4.96316
0.381931,4.98434
0.382811,5.00559
0.383694,5.02694
0.384579,5.04836
0.385465,5.06987
0.386354,5.09147
0.387245,5.11314
0.388138,5.1349
0.389033,5.15675
0.38993,5.17868
0.390829,5.20069
0.39173,5.22279
0.392633,5.24498
0.393538,5.26725
0.394446,5.28961
0.395355,5.31206
0.396267,5.33459
0.39718,5.3572
0.398096,5.37991
0.399014,5.4027
0.399934,5.42559
0.400856,5.44856
0.401781,5.47161
0.402707,5.49476
0.403635,5.518
0.404566,5.54132
0.405499,5.56474
0.406434,5.58824
0.407371,5.61184
0.40831,5.63552
0.409252,5.6593
0.410195,5.68317
0.411141,5.70713
0.412089,5.73118
0.413039,5.75533
0.413992,5.77956
0.414946,5.80389
0.415903,5.82831
0.416862,5.85283
0.417823,5.87744
0.418786,5.90214
0.419752,5.92694
0.42072,5.95183
0.42169,5.97681
0.422662,6.0019
0.423637,6.02707
0.424613,6.05235
0.425592,6.07771
0.426574,6.10318
0.427557,6.12874
0.428543,6.1544
0.429531,6.18016
0.430522,6.20601
0.431514,6.23196
0.432509,6.25801
0.433506,6.28416
0.434506,6.31041
0.435508,6.33675
0.436512,6.3632
0.437518,6.38974
0.438527,6.41639
0.439538,6.44314
0.440552,6.46998
0.441567,6.49693
0.442586,6.52398
0.443606,6.55113
0.444629,6.57839
0.445654,6.60575
0.446682,6.63321
0.447712,6.66078
0.448744,6.68845
0.449778,6.71622
0.450816,6.7441
0.451855,6.77208
0.452897,6.80017
0.453941,6.82836
0.454988,6.85665
0.456037,6.88505
0.457088,6.91356
0.458142,6.94217
0.459198,6.97088
0.460257,6.99971
0.461318,7.02864
0.462382,7.05768
0.463448,7.08682
0.464517,7.11608
0.465588,7.14544
0.466661,7.17491
0.467737,7.20448
0.468816,7.23417
0.469897,7.26397
0.47098,7.29387
0.472066,7.32389
0.473155,7.35401
0.474246,7.38425
0.475339,7.41459
0.476435,7.44505
0.477534,7.47562
0.478635,7.5063
0.479738,7.53709
0.480844,7.568
0.481953,7.59901
0.483064,7.63014
0.484178,7.66139
0.485294,7.69274
0.486413,7.72421
0.487535,7.7558
0.488659,7.78749
0.489786,7.81931
0.490915,7.85124
0.492047,7.88328
0.493181,7.91544
0.494318,7.94771
0.495458,7.9801
0.496601,8.01261
0.497746,8.04523
0.498893,8.07798
0.500044,8.11083
0.501197,8.14381
0.502352,8.1769
0.50351,8.21012
0.504671,8.24345
0.505835,8.2769
0.507001,8.31046
0.50817,8.34415
0.509342,8.37796
0.510516,8.41189
0.511693,8.44593
0.512873,8.4801
0.514056,8.51439
0.515241,8.5488
0.516429,8.58334
0.51762,8.61799
0.518813,8.65277
0.520009,8.68766
0.521208,8.72268
0.52241,8.75783
0.523615,8.79309
0.524822,8.82849
0.526032,8.864
0.527245,8.89964
0.528461,8.9354
0.529679,8.97129
0.5309,9.0073
0.532125,9.04344
0.533351,9.0797
0.534581,9.11609
0.535814,9.1526
0.537049,9.18925
0.538287,9.22601
0.539529,9.26291
0.540773,9.29993
0.542019,9.33708
0.543269,9.37436
0.544522,9.41176
0.545777,9.4493
0.547036,9.48696
0.548297,9.52475
0.549561,9.56267
0.550828,9.60072
0.552098,9.6389
0.553371,9.67721
0.554647,9.71565
0.555926,9.75422
0.557208,9.79292
0.558493,9.83175
0.55978,9.87071
0.561071,9.90981
0.562365,9.94904
0.563661,9.98839
0.564961,10.0279
0.566264,10.0675
0.567569,10.1073
0.568878,10.1472
0.57019,10.1872
0.571504,10.2273
0.572822,10.2676
0.574143,10.308
0.575467,10.3486
0.576793,10.3893
0.578123,10.4301
0.579456,10.4711
0.580792,10.5122
0.582131,10.5534
0.583474,10.5948
0.584819,10.6363
0.586167,10.678
0.587519,10.7197
0.588874,10.7616
0.590231,10.8037
0.591592,10.8459
0.592956,10.8882
0.594323,10.9307
0.595694,10.9733
0.597067,11.016
0.598444,11.0589
0.599824,11.1019
0.601207,11.1451
0.602593,11.1884
0.603982,11.2318
0.605375,11.2754
0.606771,11.3191
0.60817,11.363
0.609572,11.407
0.610978,11.4511
0.612386,11.4954
0.613798,11.5398
0.615214,11.5844
0.616632,11.6291
0.618054,11.6739
0.619479,11.7189
0.620907,11.7641
0.622339,11.8093
0.623774,11.8547
0.625212,11.9003
0.626653,11.946
0.628098,11.9918
0.629547,12.0378
0.630998,12.0839
0.632453,12.1302
0.633911,12.1766
0.635373,12.2232
0.636838,12.2699
0.638306,12.3167
0.639778,12.3637
0.641253,12.4109
0.642732,12.4582
0.644214,12.5056
0.645699,12.5532
0.647188,12.6009
0.64868,12.6487
0.650176,12.6967
0.651675,12.7449
0.653177,12.7932
0.654683,12.8417
0.656193,12.8902
0.657706,12.939
0.659222,12.9879
0.660742,13.0369
0.662266,13.0861
0.663793,13.1354
0.665323,13.1849
0.666857,13.2345
0.668395,13.2843
0.669936,13.3342
0.671481,13.3843
0.673029,13.4345
0.674581,13.4848
0.676136,13.5353
0.677695,13.586
0.679258,13.6368
0.680824,13.6878
0.682393,13.7389
0.683967,13.7901
0.685544,13.8415
0.687125,13.8931
0.688709,13.9448
0.690297,13.9966
0.691888,14.0486
0.693484,14.1008
0.695083,14.1531
0.696685,14.2055
0.698292,14.2581
0.699902,14.3108
0.701515,14.3637
0.703133,14.4168
0.704754,14.47
0.706379,14.5233
0.708008,14.5768
0.70964,14.6305
0.711277,14.6843
0.712917,14.7382
0.71456,14.7923
0.716208,14.8466
0.717859,14.901
0.719514,14.9555
0.721173,15.0102
0.722836,15.0651
0.724503,15.1201
0.726173,15.1752
0.727848,15.2305
0.729526,15.286
0.731208,15.3416
0.732894,15.3973
0.734584,15.4532
0.736277,15.5093
0.737975,15.5655
0.739677,15.6219
0.741382,15.6784
0.743091,15.735
0.744805,15.7918
0.746522,15.8488
0.748243,15.9059
0.749969,15.9632
0.751698,16.0206
0.753431,16.0782
0.755168,16.1359
0.756909,16.1938
0.758655,16.2518
0.760404,16.31
0.762157,16.3683
0.763914,16.4268
0.765676,16.4854
0.767441,16.5442
0.769211,16.6031
0.770984,16.6622
0.772762,16.7214
0.774544,16.7808
0.776329,16.8403
0.778119,16.9
0.779914,16.9598
0.781712,17.0198
0.783514,17.0799
0.785321,17.1402
0.787131,17.2006
0.788946,17.2612
0.790765,17.322
0.792589,17.3828
0.794416,17.4439
0.796248,17.5051
0.798084,17.5664
0.799924,17.6279
0.801768,17.6895
0.803617,17.7513
0.80547,17.8132
0.807327,17.8753
0.809188,17.9375
0.811054,17.9999
0.812924,18.0624
0.814799,18.1251
0.816677,18.1879
0.81856,18.2509
0.820448,18.314
0.822339,18.3773
0.824235,18.4407
0.826136,18.5043
0.828041,18.568
0.82995,18.6318
0.831864,18.6958
0.833782,18.76
0.835704,18.8243
0.837631,18.8888
0.839562,18.9533
0.841498,19.0181
0.843438,19.083
0.845383,19.148
0.847332,19.2132
0.849286,19.2785
0.851244,19.344
0.853207,19.4096
0.855174,19.4754
0.857146,19.5413
0.859122,19.6073
0.861103,19.6735
0.863088,19.7399
0.865078,19.8064
0.867073,19.873
0.869072,19.9398
0.871076,20.0067
0.873084,20.0738
0.875098,20.141
0.877115,20.2083
0.879138,20.2758
0.881165,20.3434
0.883196,20.4112
0.885233,20.4791
0.887274,20.5472
0.88932,20.6154
0.89137,20.6837
0.893425,20.7522
0.895485,20.8208
0.89755,20.8896
0.89962,20.9585
0.901694,21.0275
0.903773,21.0967
0.905857,21.166
0.907945,21.2355
0.910039,21.3051
0.912137,21.3748
0.91424,21.4447
0.916348,21.5147
0.918461,21.5848
0.920579,21.6551
0.922701,21.7255
0.924829,21.7961
0.926961,21.8668
0.929098,21.9376
0.931241,22.0086
0.933388,22.0797
0.93554,22.1509
0.937697,22.2223
0.939859,22.2938
0.942026,22.3654
0.944198,22.4372
0.946375,22.5091
0.948557,22.5811
0.950744,22.6533
0.952936,22.7256
0.955133,22.798
0.957336,22.8705
0.959543,22.9432
0.961755,23.016
0.963973,23.089
0.966196,23.1621
0.968423,23.2353
0.970656,23.3086
0.972894,23.3821
0.975138,23.4557
0.977386,23.5294
0.979639,23.6032
0.981898,23.6772
0.984162,23.7513
0.986431,23.8255
0.988706,23.8998
0.990985,23.9743
0.99327,24.0489
0.995561,24.1236
0.997856,24.1985
1.00016,24.2734
1.00246,24.3485
1.00477,24.4237
1.00709,24.4991
1.00941,24.5745
1.01174,24.6501
1.01407,24.7258
1.01641,24.8016
1.01875,24.8775
1.0211,24.9536
1.02346,25.0297
1.02582,25.106
1.02818,25.1824
1.03055,25.2589
1.03293,25.3356
1.03531,25.4123
1.0377,25.4892
1.04009,25.5662
1.04249,25.6433
1.04489,25.7205
1.0473,25.7978
1.04972,25.8753
1.05214,25.9528
1.05456,26.0305
1.05699,26.1082
1.05943,26.1861
1.06187,26.2641
1.06432,26.3422
1.06678,26.4204
1.06924,26.4988
1.0717,26.5772
1.07417,26.6557
1.07665,26.7344
1.07913,26.8131
1.08162,26.892
1.08411,26.971
1.08661,27.05
1.08912,27.1292
1.09163,27.2085
1.09415,27.2879
1.09667,27.3673
1.0992,27.4469
1.10173,27.5266
1.10427,27.6064
1.10682,27.6863
1.10937,27.7663
1.11193,27.8464
1.11449,27.9266
1.11706,28.0069
1.11964,28.0873
1.12222,28.1677
1.12481,28.2483
1.1274,28.329
1.13,28.4098
1.13261,28.4907
1.13522,28.5716
1.13783,28.6527
1.14046,28.7338
1.14309,28.8151
1.14572,28.8964
1.14837,28.9778
1.15101,29.0594
1.15367,29.141
1.15633,29.2227
1.15899,29.3045
1.16167,29.3863
1.16434,29.4683
1.16703,29.5504
1.16972,29.6325
1.17242,29.7147
1.17512,29.7971
1.17783,29.8795
1.18054,29.9619
1.18327,30.0445
1.186,30.1272
1.18873,30.2099
1.19147,30.2927
1.19422,30.3756
1.19697,30.4586
1.19973,30.5417
1.2025,30.6248
1.20527,30.708
1.20805,30.7913
1.21083,30.8747
1.21363,30.9582
1.21642,31.0417
1.21923,31.1253
1.22204,31.209
1.22486,31.2928
1.22768,31.3766
1.23051,31.4606
1.23335,31.5445
1.23619,31.6286
1.23904,31.7127
1.2419,31.7969
1.24476,31.8812
1.24763,31.9656
1.25051,32.05
1.25339,32.1345
1.25628,32.219
1.25918,32.3037
1.26208,32.3884
1.26499,32.4731
1.26791,32.558
1.27083,32.6429
1.27376,32.7278
1.2767,32.8129
1.27964,32.898
1.2826,32.9831
1.28555,33.0683
1.28852,33.1536
1.29149,33.239
1.29447,33.3244
1.29745,33.4098
1.30044,33.4954
1.30344,33.581
1.30645,33.6666
1.30946,33.7523
1.31248,33.8381
1.3155,33.9239
1.31854,34.0098
1.32158,34.0957
1.32462,34.1817
1.32768,34.2678
1.33074,34.3539
1.33381,34.4401
1.33688,34.5263
1.33997,34.6125
1.34305,34.6989
1.34615,34.7852
1.34926,34.8717
1.35237,34.9581
1.35548,35.0447
1.35861,35.1313
1.36174,35.2179
1.36488,35.3046
1.36803,35.3913
1.37118,35.4781
1.37434,35.5649
1.37751,35.6518
1.38069,35.7387
1.38387,35.8256
1.38706,35.9127
1.39026,35.9997
1.39347,36.0868
1.39668,36.174
1.3999,36.2611
1.40313,36.3484
1.40636,36.4357
1.40961,36.523
1.41286,36.6103
1.41611,36.6977
1.41938,36.7852
1.42265,36.8727
1.42593,36.9602
1.42922,37.0477
1.43252,37.1353
1.43582,37.223
1.43913,37.3106
1.44245,37.3984
1.44577,37.4861
1.44911,37.5739
1.45245,37.6617
1.4558,37.7496
1.45915,37.8375
1.46252,37.9254
1.46589,38.0134
1.46927,38.1014
1.47266,38.1894
1.47605,38.2775
1.47946,38.3656
1.48287,38.4537
1.48629,38.5419
1.48971,38.63
1.49315,38.7183
1.49659,38.8065
1.50004,38.8948
1.5035,38.9831
1.50697,39.0715
1.51044,39.1598
1.51392,39.2482
1.51741,39.3367
1.52091,39.4251
1.52442,39.5136
1.52794,39.6021
1.53146,39.6907
1.53499,39.7792
1.53853,39.8678
1.54208,39.9564
1.54563,40.0451
1.54919,40.1337
1.55277,40.2224
1.55635,40.3111
1.55994,40.3999
1.56353,40.4886
1.56714,40.5774
1.57075,40.6662
1.57437,40.7551
1.578,40.8439
1.58164,40.9328
1.58529,41.0217
1.58894,41.1106
1.59261,41.1995
1.59628,41.2885
1.59996,41.3775
1.60365,41.4665
1.60735,41.5555
1.61105,41.6445
1.61477,41.7336
1.61849,41.8226
1.62222,41.9117
1.62596,42.0008
1.62971,42.0899
1.63347,42.1791
1.63723,42.2682
1.64101,42.3574
1.64479,42.4466
1.64859,42.5358
1.65239,42.625
1.6562,42.7143
1.66002,42.8035
1.66384,42.8928
1.66768,42.9821
1.67152,43.0714
1.67538,43.1607
1.67924,43.25
1.68311,43.3394
1.68699,43.4287
1.69088,43.5181
1.69478,43.6075
1.69869,43.6969
1.70261,43.7863
1.70653,43.8757
1.71047,43.9652
1.71441,44.0546
1.71836,44.1441
1.72233,44.2335
1.7263,44.323
1.73028,44.4125
1.73427,44.502
1.73827,44.5915
1.74227,44.681
1.74629,44.7706
1.75032,44.8601
1.75435,44.9497
1.7584,45.0392
1.76245,45.1288
1.76652,45.2184
1.77059,45.308
1.77467,45.3976
1.77876,45.4872
1.78286,45.5768
1.78698,45.6664
1.7911,45.7561
1.79522,45.8457
1.79936,45.9354
1.80351,46.025
1.80767,46.1147
1.81184,46.2044
1.81602,46.294
1.8202,46.3837
1.8244,46.4734
1.82861,46.5631
1.83282,46.6528
1.83705,46.7426
1.84129,46.8323
1.84553,46.922
1.84979,47.0118
1.85405,47.1015
1.85833,47.1912
1.86261,47.281
1.86691,47.3708
1.87121,47.4605
1.87552,47.5503
1.87985,47.6401
1.88418,47.7299
1.88853,47.8197
1.89288,47.9094
1.89725,47.9992
1.90162,48.089
1.90601,48.1789
1.9104,48.2687
1.9148,48.3585
1.91922,48.4483
1.92364,48.5381
1.92808,48.628
1.93253,48.7178
1.93698,48.8076
1.94145,48.8975
1.94592,48.9873
1.95041,49.0772
1.95491,49.167
1.95942,49.2569
1.96393,49.3467
1.96846,49.4366
1.973,49.5265
